datetime,symbol,open,high,low,close,volume
2025-02-16 03:00:00,Bitstamp:BTCUSD,97558.0,97739.0,97434.0,97591.0,63.61639128
2025-02-16 07:00:00,Bitstamp:BTCUSD,97591.0,97727.0,97447.0,97553.0,29.01840405
2025-02-16 11:00:00,Bitstamp:BTCUSD,97552.0,97668.0,97225.0,97240.0,41.16272951
2025-02-16 15:00:00,Bitstamp:BTCUSD,97262.0,97388.0,97077.0,97347.0,46.80456064
2025-02-16 19:00:00,Bitstamp:BTCUSD,97347.0,97347.0,96689.0,96921.0,96.0080146
2025-02-16 23:00:00,Bitstamp:BTCUSD,96920.0,97166.0,96686.0,97074.0,74.0571783
2025-02-17 03:00:00,Bitstamp:BTCUSD,97073.0,97271.0,96066.0,96132.0,158.52292436
2025-02-17 07:00:00,Bitstamp:BTCUSD,96066.0,96631.0,96054.0,96234.0,39.90522672
2025-02-17 11:00:00,Bitstamp:BTCUSD,96234.0,96457.0,95836.0,96078.0,137.99071833
2025-02-17 15:00:00,Bitstamp:BTCUSD,96077.0,96388.0,95962.0,96066.0,91.09589221
2025-02-17 19:00:00,Bitstamp:BTCUSD,96066.0,97014.0,95583.0,95670.0,157.96254781
2025-02-17 23:00:00,Bitstamp:BTCUSD,95668.0,95938.0,95227.0,95555.0,242.8069086
2025-02-18 03:00:00,Bitstamp:BTCUSD,95540.0,96411.0,95493.0,95772.0,130.87677767
2025-02-18 07:00:00,Bitstamp:BTCUSD,95779.0,96313.0,95571.0,96202.0,59.39116246
2025-02-18 11:00:00,Bitstamp:BTCUSD,96197.0,96284.0,95261.0,95458.0,74.49829608
2025-02-18 15:00:00,Bitstamp:BTCUSD,95439.0,95845.0,95101.0,95604.0,148.51893032
2025-02-18 19:00:00,Bitstamp:BTCUSD,95606.0,96714.0,95178.0,95513.0,338.30813625
2025-02-18 23:00:00,Bitstamp:BTCUSD,95472.0,95592.0,93340.0,94025.0,558.98330254
2025-02-19 03:00:00,Bitstamp:BTCUSD,94046.0,95616.0,93696.0,95612.0,235.82919632
2025-02-19 07:00:00,Bitstamp:BTCUSD,95612.0,95880.0,95011.0,95666.0,168.38797538
2025-02-19 11:00:00,Bitstamp:BTCUSD,95664.0,95798.0,95033.0,95665.0,97.57185411
2025-02-19 15:00:00,Bitstamp:BTCUSD,95665.0,96430.0,95599.0,96406.0,104.52369185
2025-02-19 19:00:00,Bitstamp:BTCUSD,96423.0,96677.0,95539.0,95915.0,388.57355614
2025-02-19 23:00:00,Bitstamp:BTCUSD,95916.0,96471.0,95410.0,96203.0,355.2703419
2025-02-20 03:00:00,Bitstamp:BTCUSD,96178.0,96866.0,96047.0,96642.0,305.77730823
2025-02-20 07:00:00,Bitstamp:BTCUSD,96639.0,97353.0,96439.0,97084.0,122.59925861
2025-02-20 11:00:00,Bitstamp:BTCUSD,97080.0,97333.0,96806.0,96889.0,151.81717502
2025-02-20 15:00:00,Bitstamp:BTCUSD,96887.0,97376.0,96818.0,97211.0,92.9192778
2025-02-20 19:00:00,Bitstamp:BTCUSD,97211.0,98058.0,96840.0,96871.0,570.3770352
2025-02-20 23:00:00,Bitstamp:BTCUSD,96939.0,98561.0,96919.0,98459.0,513.72596867
2025-02-21 03:00:00,Bitstamp:BTCUSD,98456.0,98758.0,98056.0,98337.0,230.13778605
2025-02-21 07:00:00,Bitstamp:BTCUSD,98335.0,98536.0,98127.0,98145.0,83.61854697
2025-02-21 11:00:00,Bitstamp:BTCUSD,98203.0,98622.0,98156.0,98211.0,146.27369122
2025-02-21 15:00:00,Bitstamp:BTCUSD,98211.0,98952.0,98139.0,98656.0,196.21747006
2025-02-21 19:00:00,Bitstamp:BTCUSD,98656.0,99508.0,97172.0,98128.0,1017.54249102
2025-02-21 23:00:00,Bitstamp:BTCUSD,98133.0,98760.0,95178.0,95222.0,699.99300945
2025-02-22 03:00:00,Bitstamp:BTCUSD,95236.0,96145.0,94805.0,96131.0,645.09025433
2025-02-22 07:00:00,Bitstamp:BTCUSD,96137.0,96469.0,95750.0,96284.0,233.6106521
2025-02-22 11:00:00,Bitstamp:BTCUSD,96284.0,96563.0,96280.0,96296.0,101.00372617
2025-02-22 15:00:00,Bitstamp:BTCUSD,96297.0,96580.0,96137.0,96572.0,100.40549368
2025-02-22 19:00:00,Bitstamp:BTCUSD,96571.0,96967.0,96506.0,96598.0,147.76966175
2025-02-22 23:00:00,Bitstamp:BTCUSD,96597.0,96805.0,96379.0,96630.0,152.31845402
2025-02-23 03:00:00,Bitstamp:BTCUSD,96629.0,96712.0,96521.0,96572.0,60.61463852
2025-02-23 07:00:00,Bitstamp:BTCUSD,96571.0,96666.0,96403.0,96448.0,76.63418535
2025-02-23 11:00:00,Bitstamp:BTCUSD,96447.0,96572.0,96170.0,96529.0,94.0154583
2025-02-23 15:00:00,Bitstamp:BTCUSD,96527.0,96527.0,96111.0,96124.0,43.83046961
2025-02-23 19:00:00,Bitstamp:BTCUSD,96127.0,96163.0,95448.0,95457.0,121.95508392
2025-02-23 23:00:00,Bitstamp:BTCUSD,95446.0,95879.0,95260.0,95768.0,77.6710766
2025-02-24 03:00:00,Bitstamp:BTCUSD,95767.0,96319.0,95559.0,96262.0,125.80820152
2025-02-24 07:00:00,Bitstamp:BTCUSD,96264.0,96492.0,95342.0,95476.0,122.07661257
2025-02-24 11:00:00,Bitstamp:BTCUSD,95425.0,95949.0,95091.0,95896.0,121.96894331
2025-02-24 15:00:00,Bitstamp:BTCUSD,95895.0,96158.0,95395.0,95846.0,207.3846725
2025-02-24 19:00:00,Bitstamp:BTCUSD,95845.0,96076.0,93833.0,94304.0,441.25917397
2025-02-24 23:00:00,Bitstamp:BTCUSD,94316.0,95175.0,93685.0,93942.0,175.24856059
2025-02-25 03:00:00,Bitstamp:BTCUSD,93938.0,94540.0,91330.0,91554.0,624.20945091
2025-02-25 07:00:00,Bitstamp:BTCUSD,91516.0,92512.0,90928.0,92137.0,540.52120759
2025-02-25 11:00:00,Bitstamp:BTCUSD,92137.0,92310.0,87629.0,89342.0,824.07260542
2025-02-25 15:00:00,Bitstamp:BTCUSD,89197.0,89973.0,86314.0,89211.0,985.65193524
2025-02-25 19:00:00,Bitstamp:BTCUSD,89211.0,89507.0,85953.0,87070.0,465.13702669
2025-02-25 23:00:00,Bitstamp:BTCUSD,87123.0,87964.0,86055.0,87824.0,845.42281413
2025-02-26 03:00:00,Bitstamp:BTCUSD,87827.0,89386.0,87510.0,88576.0,623.81987372
2025-02-26 07:00:00,Bitstamp:BTCUSD,88573.0,89279.0,88046.0,88804.0,158.51713431
2025-02-26 11:00:00,Bitstamp:BTCUSD,88803.0,89128.0,88313.0,88636.0,169.58402688
2025-02-26 15:00:00,Bitstamp:BTCUSD,88632.0,89241.0,88107.0,88585.0,192.08077838
2025-02-26 19:00:00,Bitstamp:BTCUSD,88557.0,88615.0,85341.0,87457.0,675.47358769
2025-02-26 23:00:00,Bitstamp:BTCUSD,87468.0,87689.0,83365.0,83764.0,1023.94797538
2025-02-27 03:00:00,Bitstamp:BTCUSD,83763.0,85247.0,82133.0,84071.0,899.15127214
2025-02-27 07:00:00,Bitstamp:BTCUSD,84150.0,85317.0,83937.0,85151.0,381.67085645
2025-02-27 11:00:00,Bitstamp:BTCUSD,85127.0,86625.0,84622.0,86204.0,277.91915385
2025-02-27 15:00:00,Bitstamp:BTCUSD,86203.0,86988.0,85797.0,86620.0,242.15245784
2025-02-27 19:00:00,Bitstamp:BTCUSD,86620.0,86715.0,84590.0,85439.0,498.1348885
2025-02-27 23:00:00,Bitstamp:BTCUSD,85439.0,85606.0,83501.0,83983.0,495.19469287
2025-02-28 03:00:00,Bitstamp:BTCUSD,84005.0,84802.0,82615.0,84639.0,664.87703482
2025-02-28 07:00:00,Bitstamp:BTCUSD,84621.0,84798.0,79500.0,80348.0,1222.493167
2025-02-28 11:00:00,Bitstamp:BTCUSD,80346.0,80857.0,78764.0,79104.0,520.14692866
2025-02-28 15:00:00,Bitstamp:BTCUSD,79100.0,80776.0,78197.0,80470.0,491.8028563
2025-02-28 19:00:00,Bitstamp:BTCUSD,80466.0,84439.0,80025.0,84036.0,588.62288753
2025-02-28 23:00:00,Bitstamp:BTCUSD,84001.0,85082.0,83180.0,84460.0,517.76332545
2025-03-01 03:00:00,Bitstamp:BTCUSD,84412.0,84768.0,83592.0,84321.0,226.53880847
2025-03-01 07:00:00,Bitstamp:BTCUSD,84316.0,85600.0,83803.0,85292.0,271.81058542
2025-03-01 11:00:00,Bitstamp:BTCUSD,85317.0,86517.0,84713.0,84713.0,414.33840155
2025-03-01 15:00:00,Bitstamp:BTCUSD,84712.0,85483.0,84358.0,84600.0,157.92117609
2025-03-01 19:00:00,Bitstamp:BTCUSD,84605.0,84907.0,84317.0,84761.0,71.87043368
2025-03-01 23:00:00,Bitstamp:BTCUSD,84763.0,85504.0,84656.0,85436.0,228.46846558
2025-03-02 03:00:00,Bitstamp:BTCUSD,85439.0,86227.0,85274.0,86033.0,317.55694303
2025-03-02 07:00:00,Bitstamp:BTCUSD,86031.0,86448.0,85612.0,85841.0,110.65989817
2025-03-02 11:00:00,Bitstamp:BTCUSD,85840.0,86508.0,85510.0,86210.0,82.46056342
2025-03-02 15:00:00,Bitstamp:BTCUSD,86210.0,86217.0,85653.0,86079.0,68.06362579
2025-03-02 19:00:00,Bitstamp:BTCUSD,86078.0,88632.0,85029.0,87420.0,848.94938333
2025-03-02 23:00:00,Bitstamp:BTCUSD,87414.0,95152.0,87303.0,93533.0,1700.00529332
2025-03-03 03:00:00,Bitstamp:BTCUSD,93527.0,94848.0,93519.0,94273.0,342.89088599
2025-03-03 07:00:00,Bitstamp:BTCUSD,94272.0,94422.0,92431.0,92697.0,295.56659715
2025-03-03 11:00:00,Bitstamp:BTCUSD,92675.0,93315.0,91169.0,92362.0,332.27086697
2025-03-03 15:00:00,Bitstamp:BTCUSD,92320.0,92871.0,91135.0,92713.0,220.7125619
2025-03-03 19:00:00,Bitstamp:BTCUSD,92688.0,93695.0,89111.0,89989.0,967.82499459
2025-03-03 23:00:00,Bitstamp:BTCUSD,89993.0,90929.0,85500.0,85536.0,728.3644162
2025-03-04 03:00:00,Bitstamp:BTCUSD,85537.0,86968.0,85069.0,86160.0,311.96480758
2025-03-04 07:00:00,Bitstamp:BTCUSD,86161.0,86727.0,82450.0,83920.0,799.17581318
2025-03-04 11:00:00,Bitstamp:BTCUSD,83929.0,84496.0,83112.0,83142.0,136.4494302
2025-03-04 15:00:00,Bitstamp:BTCUSD,83141.0,84310.0,83002.0,83911.0,254.74832139
2025-03-04 19:00:00,Bitstamp:BTCUSD,83908.0,84872.0,81463.0,82922.0,916.83127177
2025-03-04 23:00:00,Bitstamp:BTCUSD,82915.0,88482.0,81989.0,88221.0,638.50300957
2025-03-05 03:00:00,Bitstamp:BTCUSD,88210.0,88922.0,86583.0,87240.0,460.49786424
2025-03-05 07:00:00,Bitstamp:BTCUSD,87262.0,87850.0,86397.0,86765.0,167.42432873
2025-03-05 11:00:00,Bitstamp:BTCUSD,86824.0,87681.0,86720.0,87597.0,97.7997444
2025-03-05 15:00:00,Bitstamp:BTCUSD,87600.0,90623.0,87588.0,89829.0,562.8269346
2025-03-05 19:00:00,Bitstamp:BTCUSD,89802.0,90917.0,87916.0,88323.0,436.77205903
2025-03-05 23:00:00,Bitstamp:BTCUSD,88329.0,90445.0,87564.0,89734.0,417.47336966
2025-03-06 03:00:00,Bitstamp:BTCUSD,89741.0,90993.0,89670.0,90611.0,150.36896932
2025-03-06 07:00:00,Bitstamp:BTCUSD,90590.0,92010.0,89995.0,91563.0,348.00436559
2025-03-06 11:00:00,Bitstamp:BTCUSD,91609.0,92790.0,91254.0,91343.0,177.20072622
2025-03-06 15:00:00,Bitstamp:BTCUSD,91342.0,91649.0,90638.0,91339.0,181.03068577
2025-03-06 19:00:00,Bitstamp:BTCUSD,91350.0,91442.0,89134.0,90847.0,561.74894156
2025-03-06 23:00:00,Bitstamp:BTCUSD,90873.0,91056.0,87835.0,88512.0,424.63328133
2025-03-07 03:00:00,Bitstamp:BTCUSD,88544.0,90777.0,88476.0,89918.0,477.07172425
2025-03-07 07:00:00,Bitstamp:BTCUSD,89922.0,91277.0,84713.0,86968.0,963.33570308
2025-03-07 11:00:00,Bitstamp:BTCUSD,86981.0,88598.0,86848.0,88353.0,174.99133342
2025-03-07 15:00:00,Bitstamp:BTCUSD,88365.0,89679.0,87992.0,88957.0,277.66483805
2025-03-07 19:00:00,Bitstamp:BTCUSD,88979.0,91081.0,88054.0,88454.0,979.31480784
2025-03-07 23:00:00,Bitstamp:BTCUSD,88435.0,89000.0,86563.0,87772.0,381.47947317
2025-03-08 03:00:00,Bitstamp:BTCUSD,87788.0,88442.0,85593.0,86759.0,509.9939991
2025-03-08 07:00:00,Bitstamp:BTCUSD,86754.0,86861.0,85190.0,85897.0,159.98287779
2025-03-08 11:00:00,Bitstamp:BTCUSD,85897.0,86622.0,85638.0,86179.0,83.6417831
2025-03-08 15:00:00,Bitstamp:BTCUSD,86180.0,86436.0,85756.0,85922.0,43.52924771
2025-03-08 19:00:00,Bitstamp:BTCUSD,85921.0,86582.0,85809.0,86367.0,94.53277854
2025-03-08 23:00:00,Bitstamp:BTCUSD,86367.0,86449.0,85653.0,86199.0,119.69413206
2025-03-09 03:00:00,Bitstamp:BTCUSD,86212.0,86469.0,85852.0,86192.0,78.36829184
2025-03-09 07:00:00,Bitstamp:BTCUSD,86204.0,86469.0,85952.0,86145.0,54.34628109
2025-03-09 11:00:00,Bitstamp:BTCUSD,86088.0,86117.0,85811.0,85959.0,34.57209074
2025-03-09 15:00:00,Bitstamp:BTCUSD,85937.0,86036.0,84662.0,85003.0,162.90496892
2025-03-09 19:00:00,Bitstamp:BTCUSD,85000.0,85000.0,82763.0,83059.0,417.09047018
2025-03-09 23:00:00,Bitstamp:BTCUSD,83038.0,83703.0,82201.0,82628.0,370.43474934
2025-03-10 03:00:00,Bitstamp:BTCUSD,82615.0,83509.0,80000.0,80708.0,670.8344883
2025-03-10 07:00:00,Bitstamp:BTCUSD,80728.0,82730.0,80077.0,82028.0,358.89640664
2025-03-10 11:00:00,Bitstamp:BTCUSD,82031.0,82764.0,81983.0,82317.0,151.18069491
2025-03-10 15:00:00,Bitstamp:BTCUSD,82326.0,84007.0,81180.0,83483.0,610.88228899
2025-03-10 19:00:00,Bitstamp:BTCUSD,83575.0,83752.0,79170.0,80004.0,808.92072666
2025-03-10 23:00:00,Bitstamp:BTCUSD,80012.0,80192.0,77393.0,78938.0,768.52468684
2025-03-11 03:00:00,Bitstamp:BTCUSD,78898.0,79835.0,78366.0,78561.0,279.38788352
2025-03-11 07:00:00,Bitstamp:BTCUSD,78599.0,79861.0,76600.0,79492.0,672.22020756
2025-03-11 11:00:00,Bitstamp:BTCUSD,79486.0,80589.0,79443.0,80431.0,223.42208935
2025-03-11 15:00:00,Bitstamp:BTCUSD,80404.0,82050.0,80324.0,81710.0,396.14688353
2025-03-11 19:00:00,Bitstamp:BTCUSD,81710.0,82154.0,79031.0,81173.0,776.53406049
2025-03-11 23:00:00,Bitstamp:BTCUSD,81191.0,83568.0,80619.0,83107.0,475.27421627
2025-03-12 03:00:00,Bitstamp:BTCUSD,83125.0,83285.0,82547.0,82869.0,112.96625458
2025-03-12 07:00:00,Bitstamp:BTCUSD,82941.0,83733.0,82089.0,82091.0,228.8917858
2025-03-12 11:00:00,Bitstamp:BTCUSD,82089.0,82486.0,81268.0,82409.0,410.12427898
2025-03-12 15:00:00,Bitstamp:BTCUSD,82395.0,83035.0,82016.0,82983.0,215.31444079
2025-03-12 19:00:00,Bitstamp:BTCUSD,82983.0,84437.0,80607.0,81713.0,1101.11391279
2025-03-12 23:00:00,Bitstamp:BTCUSD,81707.0,83122.0,81599.0,82930.0,391.63301149
2025-03-13 03:00:00,Bitstamp:BTCUSD,82908.0,83867.0,82696.0,83620.0,117.97351546
2025-03-13 07:00:00,Bitstamp:BTCUSD,83677.0,84287.0,83310.0,83543.0,264.78356263
2025-03-13 11:00:00,Bitstamp:BTCUSD,83551.0,83691.0,82854.0,83133.0,92.3649891
2025-03-13 15:00:00,Bitstamp:BTCUSD,83147.0,83492.0,82417.0,82957.0,267.88422949
2025-03-13 19:00:00,Bitstamp:BTCUSD,82917.0,83849.0,80948.0,81044.0,547.91546213
2025-03-13 23:00:00,Bitstamp:BTCUSD,81034.0,81231.0,79910.0,80128.0,502.78595051
2025-03-14 03:00:00,Bitstamp:BTCUSD,80158.0,81434.0,80158.0,81079.0,154.26669782
2025-03-14 07:00:00,Bitstamp:BTCUSD,81084.0,82229.0,80801.0,81877.0,189.29386266
2025-03-14 11:00:00,Bitstamp:BTCUSD,81877.0,82417.0,81777.0,82180.0,79.21922917
2025-03-14 15:00:00,Bitstamp:BTCUSD,82180.0,83322.0,82180.0,83248.0,185.64418014
2025-03-14 19:00:00,Bitstamp:BTCUSD,83237.0,85294.0,82638.0,84724.0,880.72159013
2025-03-14 23:00:00,Bitstamp:BTCUSD,84724.0,84955.0,83964.0,84559.0,492.12149814
2025-03-15 03:00:00,Bitstamp:BTCUSD,84564.0,84564.0,83722.0,83975.0,159.99475353
2025-03-15 07:00:00,Bitstamp:BTCUSD,83984.0,84672.0,83984.0,84496.0,107.69902336
2025-03-15 11:00:00,Bitstamp:BTCUSD,84495.0,84571.0,83833.0,83844.0,77.91069799
2025-03-15 15:00:00,Bitstamp:BTCUSD,83856.0,84166.0,83633.0,84111.0,113.44810178
2025-03-15 19:00:00,Bitstamp:BTCUSD,84097.0,84478.0,84024.0,84344.0,67.30563473
2025-03-15 23:00:00,Bitstamp:BTCUSD,84388.0,84479.0,84116.0,84302.0,34.35718156
2025-03-16 03:00:00,Bitstamp:BTCUSD,84307.0,84449.0,84243.0,84347.0,85.4696427
2025-03-16 07:00:00,Bitstamp:BTCUSD,84362.0,84378.0,83753.0,84323.0,127.9400113
2025-03-16 11:00:00,Bitstamp:BTCUSD,84313.0,84409.0,83960.0,84261.0,69.91345789
2025-03-16 15:00:00,Bitstamp:BTCUSD,84266.0,84340.0,82397.0,82405.0,333.29994645
2025-03-16 19:00:00,Bitstamp:BTCUSD,82404.0,83442.0,82404.0,83323.0,216.78574081
2025-03-16 23:00:00,Bitstamp:BTCUSD,83343.0,85059.0,82593.0,83093.0,305.64332317
2025-03-17 03:00:00,Bitstamp:BTCUSD,83105.0,83404.0,81983.0,82555.0,124.61986391
2025-03-17 07:00:00,Bitstamp:BTCUSD,82569.0,83709.0,82521.0,83709.0,161.6930666
2025-03-17 11:00:00,Bitstamp:BTCUSD,83713.0,83853.0,82691.0,83564.0,132.35850902
2025-03-17 15:00:00,Bitstamp:BTCUSD,83540.0,83743.0,83188.0,83502.0,84.40885131
2025-03-17 19:00:00,Bitstamp:BTCUSD,83486.0,83952.0,82466.0,83522.0,468.08456267
2025-03-17 23:00:00,Bitstamp:BTCUSD,83528.0,84741.0,83116.0,84452.0,234.54184156
2025-03-18 03:00:00,Bitstamp:BTCUSD,84390.0,84390.0,83763.0,84058.0,117.80956489
2025-03-18 07:00:00,Bitstamp:BTCUSD,83930.0,83989.0,82954.0,83136.0,198.09395727
2025-03-18 11:00:00,Bitstamp:BTCUSD,83079.0,83265.0,82259.0,83160.0,200.22503935
2025-03-18 15:00:00,Bitstamp:BTCUSD,83146.0,83440.0,82512.0,82587.0,148.2622314
2025-03-18 19:00:00,Bitstamp:BTCUSD,82542.0,82803.0,81138.0,81606.0,409.59046137
2025-03-18 23:00:00,Bitstamp:BTCUSD,81587.0,82473.0,81259.0,82302.0,274.60739107
2025-03-19 03:00:00,Bitstamp:BTCUSD,82306.0,82784.0,81867.0,82715.0,59.43597287
2025-03-19 07:00:00,Bitstamp:BTCUSD,82694.0,83222.0,82567.0,83039.0,151.17806262
2025-03-19 11:00:00,Bitstamp:BTCUSD,83054.0,83352.0,82789.0,83181.0,115.62913639
2025-03-19 15:00:00,Bitstamp:BTCUSD,83226.0,84075.0,83207.0,83863.0,140.80288909
2025-03-19 19:00:00,Bitstamp:BTCUSD,83916.0,84871.0,83552.0,84753.0,302.28568701
2025-03-19 23:00:00,Bitstamp:BTCUSD,84803.0,85950.0,83596.0,85467.0,825.60109606
2025-03-20 03:00:00,Bitstamp:BTCUSD,85466.0,87010.0,85231.0,86868.0,391.11266374
2025-03-20 07:00:00,Bitstamp:BTCUSD,86870.0,87470.0,85649.0,85906.0,362.85290139
2025-03-20 11:00:00,Bitstamp:BTCUSD,85895.0,86003.0,85443.0,85811.0,96.03746736
2025-03-20 15:00:00,Bitstamp:BTCUSD,85829.0,86293.0,84784.0,85463.0,192.36330607
2025-03-20 19:00:00,Bitstamp:BTCUSD,85478.0,86479.0,84561.0,84649.0,677.10240362
2025-03-20 23:00:00,Bitstamp:BTCUSD,84798.0,84877.0,83631.0,84149.0,434.25808757
2025-03-21 03:00:00,Bitstamp:BTCUSD,84133.0,84570.0,83880.0,84158.0,114.51818944
2025-03-21 07:00:00,Bitstamp:BTCUSD,84179.0,84801.0,84153.0,84421.0,87.74111772
2025-03-21 11:00:00,Bitstamp:BTCUSD,84421.0,84773.0,83713.0,83898.0,91.09348505
2025-03-21 15:00:00,Bitstamp:BTCUSD,83901.0,84277.0,83713.0,84012.0,110.11878191
2025-03-21 19:00:00,Bitstamp:BTCUSD,84010.0,84297.0,83142.0,83513.0,600.52862941
2025-03-21 23:00:00,Bitstamp:BTCUSD,83519.0,84398.0,83335.0,83927.0,153.8103794
2025-03-22 03:00:00,Bitstamp:BTCUSD,83927.0,84530.0,83787.0,84061.0,103.21543644
2025-03-22 07:00:00,Bitstamp:BTCUSD,84050.0,84287.0,83965.0,84223.0,42.2604732
2025-03-22 11:00:00,Bitstamp:BTCUSD,84217.0,84378.0,84143.0,84250.0,27.47809328
2025-03-22 15:00:00,Bitstamp:BTCUSD,84250.0,84490.0,84116.0,84206.0,76.36891734
2025-03-22 19:00:00,Bitstamp:BTCUSD,84207.0,84276.0,83964.0,84107.0,45.86529271
2025-03-22 23:00:00,Bitstamp:BTCUSD,84107.0,84304.0,84051.0,84169.0,34.80753414
2025-03-23 03:00:00,Bitstamp:BTCUSD,84167.0,84202.0,83682.0,83823.0,90.08453924
2025-03-23 07:00:00,Bitstamp:BTCUSD,83806.0,84247.0,83806.0,84201.0,65.67220121
2025-03-23 11:00:00,Bitstamp:BTCUSD,84136.0,84306.0,84075.0,84272.0,19.61269157
2025-03-23 15:00:00,Bitstamp:BTCUSD,84294.0,84988.0,84253.0,84651.0,92.19080485
2025-03-23 19:00:00,Bitstamp:BTCUSD,84652.0,85233.0,84581.0,85170.0,206.93349144
2025-03-23 23:00:00,Bitstamp:BTCUSD,85176.0,85387.0,84816.0,84996.0,87.40872393
2025-03-24 03:00:00,Bitstamp:BTCUSD,84996.0,86116.0,84929.0,86084.0,178.09606591
2025-03-24 07:00:00,Bitstamp:BTCUSD,86084.0,86629.0,85541.0,86551.0,181.44476569
2025-03-24 11:00:00,Bitstamp:BTCUSD,86550.0,87280.0,86550.0,86882.0,126.66814217
2025-03-24 15:00:00,Bitstamp:BTCUSD,86880.0,87839.0,86861.0,87699.0,114.8700924
2025-03-24 19:00:00,Bitstamp:BTCUSD,87699.0,88772.0,87146.0,88346.0,759.22912003
2025-03-24 23:00:00,Bitstamp:BTCUSD,88350.0,88546.0,87706.0,88274.0,388.38467054
2025-03-25 03:00:00,Bitstamp:BTCUSD,88273.0,88506.0,87103.0,87512.0,317.73734058
2025-03-25 07:00:00,Bitstamp:BTCUSD,87488.0,87681.0,86366.0,86529.0,157.8588709
2025-03-25 11:00:00,Bitstamp:BTCUSD,86529.0,86875.0,86321.0,86441.0,125.6341601
2025-03-25 15:00:00,Bitstamp:BTCUSD,86441.0,87496.0,86415.0,87378.0,146.5168439
2025-03-25 19:00:00,Bitstamp:BTCUSD,87379.0,88272.0,86959.0,87817.0,819.62956324
2025-03-25 23:00:00,Bitstamp:BTCUSD,87803.0,88336.0,87618.0,88139.0,432.39170627
2025-03-26 03:00:00,Bitstamp:BTCUSD,88139.0,88539.0,87189.0,87436.0,452.74100884
2025-03-26 07:00:00,Bitstamp:BTCUSD,87448.0,87896.0,87074.0,87169.0,129.41744623
2025-03-26 11:00:00,Bitstamp:BTCUSD,87176.0,88296.0,87106.0,88157.0,102.74978859
2025-03-26 15:00:00,Bitstamp:BTCUSD,88157.0,88283.0,87862.0,87992.0,64.78296277
2025-03-26 19:00:00,Bitstamp:BTCUSD,87992.0,88040.0,86469.0,86771.0,848.1124478
2025-03-26 23:00:00,Bitstamp:BTCUSD,86769.0,87060.0,85869.0,86587.0,173.24007844
2025-03-27 03:00:00,Bitstamp:BTCUSD,86587.0,87421.0,86526.0,86913.0,234.66375611
2025-03-27 07:00:00,Bitstamp:BTCUSD,86966.0,87755.0,86809.0,87687.0,60.2777544
2025-03-27 11:00:00,Bitstamp:BTCUSD,87696.0,87714.0,87283.0,87425.0,66.24177033
2025-03-27 15:00:00,Bitstamp:BTCUSD,87424.0,87597.0,86813.0,86958.0,91.82552206
2025-03-27 19:00:00,Bitstamp:BTCUSD,86952.0,87575.0,85828.0,86958.0,857.7122659
2025-03-27 23:00:00,Bitstamp:BTCUSD,86958.0,87417.0,86794.0,87027.0,116.87440954
2025-03-28 03:00:00,Bitstamp:BTCUSD,87058.0,87702.0,86927.0,87219.0,96.44117487
2025-03-28 07:00:00,Bitstamp:BTCUSD,87224.0,87481.0,86746.0,86788.0,115.82456034
2025-03-28 11:00:00,Bitstamp:BTCUSD,86782.0,86812.0,85140.0,85167.0,252.39939085
2025-03-28 15:00:00,Bitstamp:BTCUSD,85167.0,85405.0,84784.0,85212.0,187.77312305
2025-03-28 19:00:00,Bitstamp:BTCUSD,85212.0,85540.0,83920.0,83993.0,394.05963464
2025-03-28 23:00:00,Bitstamp:BTCUSD,83997.0,84142.0,83544.0,83714.0,310.45662419
2025-03-29 03:00:00,Bitstamp:BTCUSD,83719.0,84478.0,83648.0,84379.0,131.76151796
2025-03-29 07:00:00,Bitstamp:BTCUSD,84384.0,84561.0,83692.0,84138.0,97.72297363
2025-03-29 11:00:00,Bitstamp:BTCUSD,84138.0,84226.0,83632.0,83707.0,58.69424096
2025-03-29 15:00:00,Bitstamp:BTCUSD,83707.0,83904.0,81983.0,82256.0,220.47295073
2025-03-29 19:00:00,Bitstamp:BTCUSD,82260.0,82833.0,82108.0,82388.0,99.941993
2025-03-29 23:00:00,Bitstamp:BTCUSD,82389.0,82700.0,81629.0,82700.0,244.63122828
2025-03-30 03:00:00,Bitstamp:BTCUSD,82722.0,82731.0,82242.0,82608.0,23.930067
2025-03-30 07:00:00,Bitstamp:BTCUSD,82608.0,83462.0,82479.0,83080.0,109.08820348
2025-03-30 11:00:00,Bitstamp:BTCUSD,83078.0,83282.0,82853.0,83054.0,80.2071426
2025-03-30 15:00:00,Bitstamp:BTCUSD,83054.0,83500.0,82978.0,83097.0,93.02724787
2025-03-30 19:00:00,Bitstamp:BTCUSD,83102.0,83222.0,82565.0,82706.0,112.34825447
2025-03-30 23:00:00,Bitstamp:BTCUSD,82709.0,82851.0,82051.0,82538.0,200.88560068
2025-03-31 03:00:00,Bitstamp:BTCUSD,82538.0,82723.0,81551.0,82359.0,244.82618559
2025-03-31 07:00:00,Bitstamp:BTCUSD,82367.0,82417.0,81287.0,81502.0,229.99567109
2025-03-31 11:00:00,Bitstamp:BTCUSD,81508.0,82279.0,81405.0,81925.0,161.94151966
2025-03-31 15:00:00,Bitstamp:BTCUSD,81923.0,82246.0,81305.0,82197.0,178.1435327
2025-03-31 19:00:00,Bitstamp:BTCUSD,82187.0,83914.0,81646.0,83404.0,664.84680427
2025-03-31 23:00:00,Bitstamp:BTCUSD,83404.0,83695.0,82380.0,82422.0,318.37005218
2025-04-01 03:00:00,Bitstamp:BTCUSD,82409.0,82829.0,82251.0,82538.0,384.03959679
2025-04-01 07:00:00,Bitstamp:BTCUSD,82537.0,83212.0,82417.0,82932.0,94.355436
2025-04-01 11:00:00,Bitstamp:BTCUSD,82933.0,83582.0,82879.0,83457.0,87.03786787
2025-04-01 15:00:00,Bitstamp:BTCUSD,83454.0,84490.0,83433.0,83929.0,221.89017675
2025-04-01 19:00:00,Bitstamp:BTCUSD,83928.0,85496.0,82536.0,85271.0,724.28241863
2025-04-01 23:00:00,Bitstamp:BTCUSD,85314.0,85493.0,84731.0,84979.0,189.70918726
2025-04-02 03:00:00,Bitstamp:BTCUSD,84960.0,85530.0,84769.0,85170.0,186.72731502
2025-04-02 07:00:00,Bitstamp:BTCUSD,85171.0,85262.0,84540.0,84590.0,121.96316391
2025-04-02 11:00:00,Bitstamp:BTCUSD,84584.0,84732.0,81188.0,84441.0,388.71295081
2025-04-02 15:00:00,Bitstamp:BTCUSD,84440.0,85397.0,84268.0,84569.0,156.99038434
2025-04-02 19:00:00,Bitstamp:BTCUSD,84570.0,87355.0,84495.0,86768.0,822.26101876
2025-04-02 23:00:00,Bitstamp:BTCUSD,86786.0,87258.0,86191.0,86943.0,258.63252216
2025-04-03 03:00:00,Bitstamp:BTCUSD,86928.0,88563.0,82321.0,82502.0,1113.08662349
2025-04-03 07:00:00,Bitstamp:BTCUSD,82477.0,83896.0,82157.0,83526.0,237.93641952
2025-04-03 11:00:00,Bitstamp:BTCUSD,83464.0,83733.0,83001.0,83473.0,174.93691224
2025-04-03 15:00:00,Bitstamp:BTCUSD,83473.0,83753.0,83032.0,83095.0,104.73542608
2025-04-03 19:00:00,Bitstamp:BTCUSD,83032.0,83132.0,81200.0,82032.0,873.84209584
2025-04-03 23:00:00,Bitstamp:BTCUSD,82028.0,82394.0,81501.0,81934.0,239.1780193
2025-04-04 03:00:00,Bitstamp:BTCUSD,81950.0,83289.0,81760.0,83132.0,146.82353521
2025-04-04 07:00:00,Bitstamp:BTCUSD,83182.0,83382.0,82584.0,82781.0,168.86188269
2025-04-04 11:00:00,Bitstamp:BTCUSD,82781.0,83993.0,82595.0,83984.0,128.85633411
2025-04-04 15:00:00,Bitstamp:BTCUSD,83988.0,84708.0,81659.0,82677.0,439.28603562
2025-04-04 19:00:00,Bitstamp:BTCUSD,82654.0,83662.0,81831.0,82839.0,828.01251049
2025-04-04 23:00:00,Bitstamp:BTCUSD,82863.0,84588.0,82705.0,83998.0,291.61958294
2025-04-05 03:00:00,Bitstamp:BTCUSD,83974.0,84419.0,83448.0,83851.0,149.24648114
2025-04-05 07:00:00,Bitstamp:BTCUSD,83852.0,84226.0,83434.0,83611.0,95.88633055
2025-04-05 11:00:00,Bitstamp:BTCUSD,83620.0,83843.0,83322.0,83501.0,37.35260088
2025-04-05 15:00:00,Bitstamp:BTCUSD,83504.0,83863.0,83352.0,83433.0,86.25063249
2025-04-05 19:00:00,Bitstamp:BTCUSD,83439.0,83532.0,82358.0,82596.0,159.78852934
2025-04-05 23:00:00,Bitstamp:BTCUSD,82595.0,83102.0,82573.0,82793.0,66.80891256
2025-04-06 03:00:00,Bitstamp:BTCUSD,82891.0,83612.0,82824.0,83507.0,72.09484848
2025-04-06 07:00:00,Bitstamp:BTCUSD,83514.0,83741.0,83162.0,83314.0,89.13639687
2025-04-06 11:00:00,Bitstamp:BTCUSD,83316.0,83482.0,82997.0,82998.0,72.02020217
2025-04-06 15:00:00,Bitstamp:BTCUSD,82997.0,83116.0,82625.0,82804.0,86.23422484
2025-04-06 19:00:00,Bitstamp:BTCUSD,82805.0,82933.0,82210.0,82535.0,144.40697697
2025-04-06 23:00:00,Bitstamp:BTCUSD,82532.0,82542.0,78639.0,79605.0,1005.88701328
2025-04-07 03:00:00,Bitstamp:BTCUSD,79596.0,79850.0,77098.0,78342.0,767.79648809
2025-04-07 07:00:00,Bitstamp:BTCUSD,78381.0,79292.0,77319.0,77669.0,330.84091524
2025-04-07 11:00:00,Bitstamp:BTCUSD,77665.0,77925.0,74434.0,75049.0,822.95724974
2025-04-07 15:00:00,Bitstamp:BTCUSD,75051.0,77500.0,75032.0,76643.0,571.87119773
2025-04-07 19:00:00,Bitstamp:BTCUSD,76660.0,81180.0,75768.0,78461.0,1660.65563635
2025-04-07 23:00:00,Bitstamp:BTCUSD,78432.0,79315.0,77292.0,78065.0,395.18908249
2025-04-08 03:00:00,Bitstamp:BTCUSD,78076.0,80154.0,78072.0,79127.0,302.48302801
2025-04-08 07:00:00,Bitstamp:BTCUSD,79134.0,80836.0,78777.0,79876.0,335.17497484
2025-04-08 11:00:00,Bitstamp:BTCUSD,79890.0,80389.0,79230.0,79461.0,206.91255393
2025-04-08 15:00:00,Bitstamp:BTCUSD,79459.0,80029.0,78809.0,79964.0,235.18763341
2025-04-08 19:00:00,Bitstamp:BTCUSD,79975.0,80318.0,78159.0,78468.0,639.20977495
2025-04-08 23:00:00,Bitstamp:BTCUSD,78465.0,78490.0,76282.0,76737.0,380.02225239
2025-04-09 03:00:00,Bitstamp:BTCUSD,76789.0,77215.0,76159.0,76244.0,449.00182088
2025-04-09 07:00:00,Bitstamp:BTCUSD,76252.0,76799.0,74588.0,74990.0,657.24006467
2025-04-09 11:00:00,Bitstamp:BTCUSD,75018.0,77910.0,74990.0,77669.0,373.80897822
2025-04-09 15:00:00,Bitstamp:BTCUSD,77668.0,77842.0,75748.0,76215.0,430.91155184
2025-04-09 19:00:00,Bitstamp:BTCUSD,76193.0,78225.0,75998.0,77193.0,553.16709052
2025-04-09 23:00:00,Bitstamp:BTCUSD,77199.0,83000.0,77065.0,82294.0,1414.44794395
2025-04-10 03:00:00,Bitstamp:BTCUSD,82404.0,83565.0,82000.0,82595.0,608.70058131
2025-04-10 07:00:00,Bitstamp:BTCUSD,82594.0,82722.0,81449.0,81745.0,222.7685064
2025-04-10 11:00:00,Bitstamp:BTCUSD,81742.0,82308.0,81300.0,81567.0,205.33957962
2025-04-10 15:00:00,Bitstamp:BTCUSD,81600.0,82081.0,81336.0,81838.0,159.93125293
2025-04-10 19:00:00,Bitstamp:BTCUSD,81837.0,82401.0,78566.0,78701.0,697.49537966
2025-04-10 23:00:00,Bitstamp:BTCUSD,78696.0,79966.0,78424.0,79584.0,241.55776963
2025-04-11 03:00:00,Bitstamp:BTCUSD,79570.0,79981.0,79345.0,79543.0,36.9848893
2025-04-11 07:00:00,Bitstamp:BTCUSD,79558.0,80855.0,78942.0,80771.0,304.10000066
2025-04-11 11:00:00,Bitstamp:BTCUSD,80790.0,81387.0,80471.0,81226.0,87.06580188
2025-04-11 15:00:00,Bitstamp:BTCUSD,81226.0,82923.0,80772.0,82077.0,445.19977829
2025-04-11 19:00:00,Bitstamp:BTCUSD,82106.0,83245.0,81312.0,82466.0,486.38999538
2025-04-11 23:00:00,Bitstamp:BTCUSD,82466.0,84166.0,81974.0,83798.0,272.79059537
2025-04-12 03:00:00,Bitstamp:BTCUSD,83876.0,84257.0,83142.0,83384.0,133.29481719
2025-04-12 07:00:00,Bitstamp:BTCUSD,83384.0,83532.0,82784.0,82946.0,69.40456397
2025-04-12 11:00:00,Bitstamp:BTCUSD,82944.0,83782.0,82839.0,83695.0,124.42417911
2025-04-12 15:00:00,Bitstamp:BTCUSD,83724.0,83974.0,83282.0,83494.0,102.57939228
2025-04-12 19:00:00,Bitstamp:BTCUSD,83496.0,85377.0,83451.0,84969.0,314.96212539
2025-04-12 23:00:00,Bitstamp:BTCUSD,85003.0,85241.0,84401.0,84933.0,97.14521322
2025-04-13 03:00:00,Bitstamp:BTCUSD,84935.0,85892.0,84868.0,85274.0,139.12210177
2025-04-13 07:00:00,Bitstamp:BTCUSD,85277.0,86084.0,84732.0,85428.0,260.45722081
2025-04-13 11:00:00,Bitstamp:BTCUSD,85412.0,85414.0,84400.0,84430.0,106.28833402
2025-04-13 15:00:00,Bitstamp:BTCUSD,84411.0,84916.0,84226.0,84508.0,98.63384731
2025-04-13 19:00:00,Bitstamp:BTCUSD,84509.0,84651.0,83457.0,83821.0,212.05279677
2025-04-13 23:00:00,Bitstamp:BTCUSD,83830.0,84937.0,83065.0,83918.0,269.63453122
2025-04-14 03:00:00,Bitstamp:BTCUSD,83973.0,84387.0,83031.0,83712.0,263.85550038
2025-04-14 07:00:00,Bitstamp:BTCUSD,83774.0,85496.0,83680.0,84547.0,225.37553894
2025-04-14 11:00:00,Bitstamp:BTCUSD,84578.0,85074.0,84237.0,84544.0,76.09221752
2025-04-14 15:00:00,Bitstamp:BTCUSD,84574.0,84937.0,84250.0,84923.0,123.35648765
2025-04-14 19:00:00,Bitstamp:BTCUSD,84937.0,85787.0,83727.0,84098.0,584.46979066
2025-04-14 23:00:00,Bitstamp:BTCUSD,84098.0,85199.0,83873.0,84917.0,262.40767909
2025-04-15 03:00:00,Bitstamp:BTCUSD,84921.0,84967.0,84439.0,84583.0,154.1800433
2025-04-15 07:00:00,Bitstamp:BTCUSD,84583.0,85387.0,84353.0,85377.0,89.57455605
2025-04-15 11:00:00,Bitstamp:BTCUSD,85377.0,85839.0,85146.0,85733.0,126.18126938
2025-04-15 15:00:00,Bitstamp:BTCUSD,85732.0,86000.0,85356.0,85583.0,147.71446119
2025-04-15 19:00:00,Bitstamp:BTCUSD,85584.0,86450.0,84642.0,84915.0,446.01218556
2025-04-15 23:00:00,Bitstamp:BTCUSD,84915.0,85148.0,83915.0,84013.0,123.87027214
2025-04-16 03:00:00,Bitstamp:BTCUSD,84011.0,84226.0,83612.0,83686.0,229.55905393
2025-04-16 07:00:00,Bitstamp:BTCUSD,83632.0,83934.0,83102.0,83681.0,144.68334241
2025-04-16 11:00:00,Bitstamp:BTCUSD,83680.0,83793.0,83232.0,83362.0,160.62618304
2025-04-16 15:00:00,Bitstamp:BTCUSD,83340.0,84115.0,83145.0,84025.0,203.15552227
2025-04-16 19:00:00,Bitstamp:BTCUSD,84048.0,85254.0,83524.0,84841.0,497.70122271
2025-04-16 23:00:00,Bitstamp:BTCUSD,84864.0,85528.0,83312.0,84347.0,487.95685498
2025-04-17 03:00:00,Bitstamp:BTCUSD,84333.0,84672.0,84045.0,84046.0,99.32527396
2025-04-17 07:00:00,Bitstamp:BTCUSD,84045.0,84483.0,83829.0,84006.0,50.46239731
2025-04-17 11:00:00,Bitstamp:BTCUSD,84005.0,85043.0,83902.0,84672.0,97.72071329
2025-04-17 15:00:00,Bitstamp:BTCUSD,84685.0,84773.0,84188.0,84542.0,123.80488569
2025-04-17 19:00:00,Bitstamp:BTCUSD,84557.0,84845.0,83751.0,84535.0,397.5130642
2025-04-17 23:00:00,Bitstamp:BTCUSD,84540.0,85478.0,84407.0,84873.0,397.21209697
2025-04-18 03:00:00,Bitstamp:BTCUSD,84915.0,85141.0,84744.0,84954.0,52.87466659
2025-04-18 07:00:00,Bitstamp:BTCUSD,84954.0,85121.0,84745.0,84842.0,53.65481106
2025-04-18 11:00:00,Bitstamp:BTCUSD,84842.0,84852.0,84434.0,84640.0,48.73903662
2025-04-18 15:00:00,Bitstamp:BTCUSD,84662.0,84761.0,84470.0,84664.0,58.10087126
2025-04-18 19:00:00,Bitstamp:BTCUSD,84682.0,84743.0,84347.0,84361.0,58.73272319
2025-04-18 23:00:00,Bitstamp:BTCUSD,84373.0,84622.0,84310.0,84544.0,63.54895093
2025-04-19 03:00:00,Bitstamp:BTCUSD,84555.0,84672.0,84351.0,84468.0,40.46456936
2025-04-19 07:00:00,Bitstamp:BTCUSD,84466.0,84973.0,84367.0,84883.0,96.4724438
2025-04-19 11:00:00,Bitstamp:BTCUSD,84902.0,85250.0,84897.0,85218.0,120.33582245
2025-04-19 15:00:00,Bitstamp:BTCUSD,85217.0,85432.0,85114.0,85217.0,27.90467453
2025-04-19 19:00:00,Bitstamp:BTCUSD,85218.0,85611.0,85100.0,85181.0,255.619702
2025-04-19 23:00:00,Bitstamp:BTCUSD,85181.0,85305.0,84723.0,85087.0,99.30786645
2025-04-20 03:00:00,Bitstamp:BTCUSD,85087.0,85346.0,85010.0,85069.0,31.8503289
2025-04-20 07:00:00,Bitstamp:BTCUSD,85074.0,85305.0,85050.0,85159.0,37.35367014
2025-04-20 11:00:00,Bitstamp:BTCUSD,85161.0,85240.0,84682.0,84791.0,44.93479199
2025-04-20 15:00:00,Bitstamp:BTCUSD,84791.0,84791.0,83974.0,84125.0,100.27207237
2025-04-20 19:00:00,Bitstamp:BTCUSD,84124.0,84661.0,84124.0,84359.0,88.91038278
2025-04-20 23:00:00,Bitstamp:BTCUSD,84360.0,84652.0,84288.0,84647.0,17.02467543
2025-04-21 03:00:00,Bitstamp:BTCUSD,84647.0,85274.0,84615.0,85198.0,174.31415347
2025-04-21 07:00:00,Bitstamp:BTCUSD,85197.0,87641.0,85134.0,87180.0,304.67194356
2025-04-21 11:00:00,Bitstamp:BTCUSD,87191.0,87705.0,87074.0,87428.0,165.48055936
2025-04-21 15:00:00,Bitstamp:BTCUSD,87428.0,87765.0,86656.0,86989.0,158.15317384
2025-04-21 19:00:00,Bitstamp:BTCUSD,86988.0,88527.0,86804.0,88103.0,1177.73153588
2025-04-21 23:00:00,Bitstamp:BTCUSD,88092.0,88300.0,86404.0,87421.0,267.83450141
2025-04-22 03:00:00,Bitstamp:BTCUSD,87405.0,87624.0,86903.0,87505.0,105.94415198
2025-04-22 07:00:00,Bitstamp:BTCUSD,87505.0,88874.0,87094.0,88160.0,266.78042794
2025-04-22 11:00:00,Bitstamp:BTCUSD,88173.0,88489.0,87976.0,88488.0,117.46763033
2025-04-22 15:00:00,Bitstamp:BTCUSD,88495.0,88697.0,88272.0,88624.0,84.96744513
2025-04-22 19:00:00,Bitstamp:BTCUSD,88623.0,91496.0,88495.0,90977.0,1346.62985054
2025-04-22 23:00:00,Bitstamp:BTCUSD,91014.0,91761.0,90705.0,91556.0,699.74490388
2025-04-23 03:00:00,Bitstamp:BTCUSD,91546.0,93928.0,91126.0,93481.0,343.85763017
2025-04-23 07:00:00,Bitstamp:BTCUSD,93482.0,93921.0,92657.0,93188.0,218.02921403
2025-04-23 11:00:00,Bitstamp:BTCUSD,93200.0,94257.0,93061.0,94154.0,144.57082769
2025-04-23 15:00:00,Bitstamp:BTCUSD,94154.0,94510.0,93360.0,93486.0,247.90386283
2025-04-23 19:00:00,Bitstamp:BTCUSD,93486.0,94700.0,91970.0,93209.0,987.33657335
2025-04-23 23:00:00,Bitstamp:BTCUSD,93207.0,94227.0,92934.0,93563.0,723.88759842
2025-04-24 03:00:00,Bitstamp:BTCUSD,93563.0,93936.0,93293.0,93730.0,101.07448086
2025-04-24 07:00:00,Bitstamp:BTCUSD,93730.0,93827.0,92692.0,92694.0,89.83414222
2025-04-24 11:00:00,Bitstamp:BTCUSD,92693.0,92920.0,92146.0,92230.0,139.0072379
2025-04-24 15:00:00,Bitstamp:BTCUSD,92234.0,92668.0,91700.0,92613.0,181.78882834
2025-04-24 19:00:00,Bitstamp:BTCUSD,92614.0,93483.0,92457.0,93240.0,401.4536364
2025-04-24 23:00:00,Bitstamp:BTCUSD,93241.0,93739.0,92736.0,93618.0,303.65000274
2025-04-25 03:00:00,Bitstamp:BTCUSD,93603.0,94035.0,93089.0,94010.0,76.9743275
2025-04-25 07:00:00,Bitstamp:BTCUSD,94010.0,94493.0,92891.0,93333.0,172.03134723
2025-04-25 11:00:00,Bitstamp:BTCUSD,93333.0,93887.0,93048.0,93810.0,172.20562912
2025-04-25 15:00:00,Bitstamp:BTCUSD,93810.0,94680.0,93600.0,94631.0,138.06009169
2025-04-25 19:00:00,Bitstamp:BTCUSD,94680.0,95857.0,94023.0,95158.0,1273.45223549
2025-04-25 23:00:00,Bitstamp:BTCUSD,95158.0,95626.0,94444.0,95407.0,471.40399537
2025-04-26 03:00:00,Bitstamp:BTCUSD,95399.0,95437.0,94586.0,94726.0,60.53420213
2025-04-26 07:00:00,Bitstamp:BTCUSD,94720.0,95249.0,94632.0,94784.0,113.20518809
2025-04-26 11:00:00,Bitstamp:BTCUSD,94783.0,94883.0,94453.0,94615.0,105.6873353
2025-04-26 15:00:00,Bitstamp:BTCUSD,94615.0,94753.0,94051.0,94175.0,65.18917178
2025-04-26 19:00:00,Bitstamp:BTCUSD,94175.0,94419.0,93934.0,94409.0,92.64730822
2025-04-26 23:00:00,Bitstamp:BTCUSD,94404.0,94408.0,94091.0,94352.0,50.78233582
2025-04-27 03:00:00,Bitstamp:BTCUSD,94344.0,94918.0,94137.0,94662.0,91.16939158
2025-04-27 07:00:00,Bitstamp:BTCUSD,94662.0,95353.0,94128.0,94194.0,157.06376207
2025-04-27 11:00:00,Bitstamp:BTCUSD,94193.0,94330.0,93685.0,94090.0,65.93296067
2025-04-27 15:00:00,Bitstamp:BTCUSD,94090.0,94351.0,93944.0,93965.0,36.13299119
2025-04-27 19:00:00,Bitstamp:BTCUSD,93944.0,94204.0,93685.0,93938.0,102.87610367
2025-04-27 23:00:00,Bitstamp:BTCUSD,93937.0,94475.0,93764.0,94475.0,73.02054609
2025-04-28 03:00:00,Bitstamp:BTCUSD,94470.0,94566.0,93698.0,93769.0,147.17890429
2025-04-28 07:00:00,Bitstamp:BTCUSD,93780.0,94032.0,92846.0,93875.0,261.38850575
2025-04-28 11:00:00,Bitstamp:BTCUSD,93875.0,94829.0,93875.0,94734.0,100.34995991
2025-04-28 15:00:00,Bitstamp:BTCUSD,94741.0,95559.0,94408.0,95294.0,226.66872847
2025-04-28 19:00:00,Bitstamp:BTCUSD,95369.0,95633.0,93631.0,93895.0,512.26801554
2025-04-28 23:00:00,Bitstamp:BTCUSD,93874.0,94942.0,93483.0,94819.0,355.76069127
2025-04-29 03:00:00,Bitstamp:BTCUSD,94804.0,95192.0,94341.0,95041.0,115.00278417
2025-04-29 07:00:00,Bitstamp:BTCUSD,95040.0,95479.0,94488.0,94685.0,205.75962385
2025-04-29 11:00:00,Bitstamp:BTCUSD,94685.0,94987.0,94249.0,94955.0,89.62890172
2025-04-29 15:00:00,Bitstamp:BTCUSD,94955.0,95318.0,94805.0,95163.0,62.53446055
2025-04-29 19:00:00,Bitstamp:BTCUSD,95163.0,95307.0,94600.0,94879.0,266.53160996
2025-04-29 23:00:00,Bitstamp:BTCUSD,94878.0,95479.0,94710.0,95327.0,80.43409087
2025-04-30 03:00:00,Bitstamp:BTCUSD,95327.0,95428.0,93775.0,94285.0,172.7850933
2025-04-30 07:00:00,Bitstamp:BTCUSD,94284.0,95135.0,94161.0,95038.0,92.48460683
2025-04-30 11:00:00,Bitstamp:BTCUSD,95061.0,95193.0,94544.0,94654.0,62.53459095
2025-04-30 15:00:00,Bitstamp:BTCUSD,94653.0,95269.0,94556.0,95203.0,97.80150923
2025-04-30 19:00:00,Bitstamp:BTCUSD,95203.0,95240.0,92946.0,94024.0,831.79526256
2025-04-30 23:00:00,Bitstamp:BTCUSD,94022.0,94500.0,93530.0,94148.0,121.04507954
2025-05-01 03:00:00,Bitstamp:BTCUSD,94135.0,94781.0,94035.0,94181.0,178.58257669
2025-05-01 07:00:00,Bitstamp:BTCUSD,94181.0,95021.0,94141.0,94799.0,120.69848147
2025-05-01 11:00:00,Bitstamp:BTCUSD,94804.0,95193.0,94745.0,95042.0,62.37018534
2025-05-01 15:00:00,Bitstamp:BTCUSD,95050.0,96399.0,94934.0,96204.0,286.39046674
2025-05-01 19:00:00,Bitstamp:BTCUSD,96236.0,97470.0,95862.0,96918.0,618.11245484
2025-05-01 23:00:00,Bitstamp:BTCUSD,96926.0,97450.0,96470.0,96591.0,456.51130069
2025-05-02 03:00:00,Bitstamp:BTCUSD,96579.0,96945.0,96232.0,96535.0,198.1037461
2025-05-02 07:00:00,Bitstamp:BTCUSD,96557.0,97248.0,96510.0,97136.0,80.38507804
2025-05-02 11:00:00,Bitstamp:BTCUSD,97136.0,97306.0,96400.0,96400.0,73.56368672
2025-05-02 15:00:00,Bitstamp:BTCUSD,96399.0,97119.0,96399.0,96977.0,78.48990159
2025-05-02 19:00:00,Bitstamp:BTCUSD,96976.0,97938.0,96702.0,97364.0,301.70090305
2025-05-02 23:00:00,Bitstamp:BTCUSD,97440.0,97839.0,96824.0,96988.0,313.14362834
2025-05-03 03:00:00,Bitstamp:BTCUSD,96988.0,97176.0,96603.0,96925.0,71.75667515
2025-05-03 07:00:00,Bitstamp:BTCUSD,96926.0,96956.0,96351.0,96371.0,139.2033225
2025-05-03 11:00:00,Bitstamp:BTCUSD,96365.0,96620.0,96191.0,96352.0,71.10622342
2025-05-03 15:00:00,Bitstamp:BTCUSD,96363.0,96446.0,95903.0,95987.0,82.67998026
2025-05-03 19:00:00,Bitstamp:BTCUSD,95987.0,96527.0,95913.0,96444.0,43.62702109
2025-05-03 23:00:00,Bitstamp:BTCUSD,96449.0,96453.0,95938.0,96376.0,69.49868947
2025-05-04 03:00:00,Bitstamp:BTCUSD,96376.0,96446.0,95800.0,95916.0,290.25895203
2025-05-04 07:00:00,Bitstamp:BTCUSD,95850.0,96295.0,95639.0,95747.0,97.3113424
2025-05-04 11:00:00,Bitstamp:BTCUSD,95763.0,96145.0,95726.0,95887.0,41.90596352
2025-05-04 15:00:00,Bitstamp:BTCUSD,95901.0,95941.0,95330.0,95437.0,45.77714311
2025-05-04 19:00:00,Bitstamp:BTCUSD,95431.0,95685.0,95254.0,95476.0,64.33166607
2025-05-04 23:00:00,Bitstamp:BTCUSD,95475.0,95639.0,95273.0,95589.0,29.63907514
2025-05-05 03:00:00,Bitstamp:BTCUSD,95594.0,95764.0,94162.0,94316.0,283.80798557
2025-05-05 07:00:00,Bitstamp:BTCUSD,94301.0,94804.0,93550.0,94057.0,159.34490597
2025-05-05 11:00:00,Bitstamp:BTCUSD,94074.0,94794.0,94036.0,94751.0,80.20068241
2025-05-05 15:00:00,Bitstamp:BTCUSD,94759.0,94793.0,93899.0,94045.0,83.19396048
2025-05-05 19:00:00,Bitstamp:BTCUSD,94045.0,94515.0,93618.0,93766.0,308.32896591
2025-05-05 23:00:00,Bitstamp:BTCUSD,93770.0,94885.0,93744.0,94342.0,173.72126467
2025-05-06 03:00:00,Bitstamp:BTCUSD,94344.0,95198.0,93882.0,94725.0,132.14391673
2025-05-06 07:00:00,Bitstamp:BTCUSD,94725.0,94916.0,94035.0,94457.0,68.92826211
2025-05-06 11:00:00,Bitstamp:BTCUSD,94455.0,94603.0,94296.0,94412.0,60.78692724
2025-05-06 15:00:00,Bitstamp:BTCUSD,94389.0,94389.0,93719.0,93799.0,112.13609753
2025-05-06 19:00:00,Bitstamp:BTCUSD,93798.0,94714.0,93376.0,94537.0,434.35642723
2025-05-06 23:00:00,Bitstamp:BTCUSD,94537.0,95151.0,94224.0,94961.0,141.94070251
2025-05-07 03:00:00,Bitstamp:BTCUSD,94961.0,96895.0,94476.0,96814.0,256.48661993
2025-05-07 07:00:00,Bitstamp:BTCUSD,96815.0,97717.0,96226.0,96501.0,188.69397137
2025-05-07 11:00:00,Bitstamp:BTCUSD,96502.0,97002.0,96318.0,97001.0,66.30178352
2025-05-07 15:00:00,Bitstamp:BTCUSD,96999.0,97096.0,96837.0,97022.0,51.9781972
2025-05-07 19:00:00,Bitstamp:BTCUSD,97055.0,97481.0,96733.0,96938.0,369.29493724
2025-05-07 23:00:00,Bitstamp:BTCUSD,96937.0,96956.0,95823.0,96210.0,558.35859715
2025-05-08 03:00:00,Bitstamp:BTCUSD,96189.0,97376.0,96090.0,97054.0,98.64489203
2025-05-08 07:00:00,Bitstamp:BTCUSD,97059.0,99199.0,96907.0,99160.0,217.07392772
2025-05-08 11:00:00,Bitstamp:BTCUSD,99169.0,99412.0,98736.0,99282.0,175.33174057
2025-05-08 15:00:00,Bitstamp:BTCUSD,99283.0,99897.0,99260.0,99442.0,169.54502124
2025-05-08 19:00:00,Bitstamp:BTCUSD,99442.0,101527.0,99126.0,100792.0,680.64269967
2025-05-08 23:00:00,Bitstamp:BTCUSD,100789.0,101711.0,100643.0,101304.0,616.85527979
2025-05-09 03:00:00,Bitstamp:BTCUSD,101337.0,104159.0,101312.0,103261.0,444.0144749
2025-05-09 07:00:00,Bitstamp:BTCUSD,103234.0,103249.0,102360.0,102453.0,83.43267452
2025-05-09 11:00:00,Bitstamp:BTCUSD,102433.0,104332.0,102371.0,103670.0,193.09052582
2025-05-09 15:00:00,Bitstamp:BTCUSD,103670.0,103932.0,102435.0,102942.0,219.87948488
2025-05-09 19:00:00,Bitstamp:BTCUSD,102918.0,103794.0,102433.0,102907.0,440.61948494
2025-05-09 23:00:00,Bitstamp:BTCUSD,102940.0,103396.0,102350.0,103230.0,337.5138578
2025-05-10 03:00:00,Bitstamp:BTCUSD,103234.0,103445.0,102758.0,102991.0,61.54988059
2025-05-10 07:00:00,Bitstamp:BTCUSD,102992.0,103285.0,102845.0,103233.0,40.6088916
2025-05-10 11:00:00,Bitstamp:BTCUSD,103231.0,104093.0,103051.0,103740.0,113.95803982
2025-05-10 15:00:00,Bitstamp:BTCUSD,103787.0,104075.0,103397.0,103415.0,92.7101436
2025-05-10 19:00:00,Bitstamp:BTCUSD,103463.0,103807.0,103149.0,103156.0,57.40357006
2025-05-10 23:00:00,Bitstamp:BTCUSD,103160.0,103598.0,103063.0,103209.0,44.19404484
2025-05-11 03:00:00,Bitstamp:BTCUSD,103210.0,104985.0,103086.0,104809.0,275.39037632
2025-05-11 07:00:00,Bitstamp:BTCUSD,104809.0,104958.0,103489.0,104045.0,143.27851386
2025-05-11 11:00:00,Bitstamp:BTCUSD,104010.0,104400.0,103369.0,103403.0,65.04453693
2025-05-11 15:00:00,Bitstamp:BTCUSD,103403.0,104752.0,103403.0,104664.0,104.30449147
2025-05-11 19:00:00,Bitstamp:BTCUSD,104681.0,104884.0,103832.0,104154.0,144.96626667
2025-05-11 23:00:00,Bitstamp:BTCUSD,104163.0,104834.0,103795.0,104459.0,113.68979201
2025-05-12 03:00:00,Bitstamp:BTCUSD,104465.0,104582.0,103621.0,104129.0,147.08472215
2025-05-12 07:00:00,Bitstamp:BTCUSD,104138.0,105079.0,103745.0,104104.0,247.21350661
2025-05-12 11:00:00,Bitstamp:BTCUSD,104104.0,105706.0,103782.0,104469.0,365.1693605
2025-05-12 15:00:00,Bitstamp:BTCUSD,104477.0,104741.0,103645.0,103776.0,119.08555991
2025-05-12 19:00:00,Bitstamp:BTCUSD,103753.0,104618.0,102414.0,102537.0,642.38432185
2025-05-12 23:00:00,Bitstamp:BTCUSD,102531.0,103095.0,100764.0,101838.0,363.3847844
2025-05-13 03:00:00,Bitstamp:BTCUSD,101833.0,103133.0,101763.0,102796.0,177.23452104
2025-05-13 07:00:00,Bitstamp:BTCUSD,102796.0,102796.0,101471.0,101726.0,202.49152407
2025-05-13 11:00:00,Bitstamp:BTCUSD,101693.0,102942.0,101678.0,102658.0,122.91456145
2025-05-13 15:00:00,Bitstamp:BTCUSD,102685.0,103838.0,102557.0,103714.0,82.79964233
2025-05-13 19:00:00,Bitstamp:BTCUSD,103753.0,103967.0,102870.0,103719.0,401.9114785
2025-05-13 23:00:00,Bitstamp:BTCUSD,103719.0,104997.0,103558.0,104850.0,369.68863258
2025-05-14 03:00:00,Bitstamp:BTCUSD,104832.0,104973.0,103944.0,104135.0,252.69821812
2025-05-14 07:00:00,Bitstamp:BTCUSD,104126.0,104126.0,103476.0,103579.0,102.71682874
2025-05-14 11:00:00,Bitstamp:BTCUSD,103578.0,103969.0,103432.0,103707.0,96.09393706
2025-05-14 15:00:00,Bitstamp:BTCUSD,103711.0,104132.0,102890.0,103943.0,346.39886319
2025-05-14 19:00:00,Bitstamp:BTCUSD,103944.0,104357.0,102878.0,103534.0,462.77916903
2025-05-14 23:00:00,Bitstamp:BTCUSD,103541.0,103739.0,102622.0,103314.0,80.82182579
2025-05-15 03:00:00,Bitstamp:BTCUSD,103325.0,103694.0,103314.0,103531.0,82.68314656
2025-05-15 07:00:00,Bitstamp:BTCUSD,103514.0,103895.0,102766.0,102774.0,185.26425838
2025-05-15 11:00:00,Bitstamp:BTCUSD,102772.0,102946.0,101767.0,101807.0,81.50361357
2025-05-15 15:00:00,Bitstamp:BTCUSD,101796.0,102446.0,101550.0,102410.0,157.53161586
2025-05-15 19:00:00,Bitstamp:BTCUSD,102394.0,103304.0,101442.0,103300.0,509.4877789
2025-05-15 23:00:00,Bitstamp:BTCUSD,103300.0,104184.0,102612.0,103169.0,283.54048424
2025-05-16 03:00:00,Bitstamp:BTCUSD,103198.0,103969.0,102734.0,103793.0,121.76555053
2025-05-16 07:00:00,Bitstamp:BTCUSD,103800.0,104457.0,103487.0,104045.0,157.50627989
2025-05-16 11:00:00,Bitstamp:BTCUSD,104052.0,104214.0,103733.0,103735.0,159.69426637
2025-05-16 15:00:00,Bitstamp:BTCUSD,103763.0,103932.0,103137.0,103705.0,111.56220088
2025-05-16 19:00:00,Bitstamp:BTCUSD,103696.0,104294.0,103397.0,104223.0,218.33992552
2025-05-16 23:00:00,Bitstamp:BTCUSD,104235.0,104570.0,103622.0,104080.0,267.74712728
2025-05-17 03:00:00,Bitstamp:BTCUSD,104068.0,104068.0,103451.0,103506.0,79.91057702
2025-05-17 07:00:00,Bitstamp:BTCUSD,103503.0,103575.0,102668.0,103554.0,145.58561266
2025-05-17 11:00:00,Bitstamp:BTCUSD,103538.0,103720.0,103335.0,103477.0,35.44681387
2025-05-17 15:00:00,Bitstamp:BTCUSD,103477.0,103571.0,102803.0,103021.0,96.141188
2025-05-17 19:00:00,Bitstamp:BTCUSD,103022.0,103199.0,102681.0,102989.0,50.45780751
2025-05-17 23:00:00,Bitstamp:BTCUSD,102980.0,103372.0,102808.0,103192.0,66.56578594
2025-05-18 03:00:00,Bitstamp:BTCUSD,103188.0,103496.0,102954.0,103153.0,65.61268086
2025-05-18 07:00:00,Bitstamp:BTCUSD,103172.0,103434.0,103149.0,103324.0,31.8664786
2025-05-18 11:00:00,Bitstamp:BTCUSD,103330.0,103982.0,103326.0,103947.0,51.62254672
2025-05-18 15:00:00,Bitstamp:BTCUSD,103982.0,104094.0,103830.0,103830.0,67.29000394
2025-05-18 19:00:00,Bitstamp:BTCUSD,103826.0,105680.0,103757.0,105531.0,187.52126099
2025-05-18 23:00:00,Bitstamp:BTCUSD,105550.0,105972.0,103918.0,103944.0,310.21144018
2025-05-19 03:00:00,Bitstamp:BTCUSD,103912.0,106635.0,103347.0,106520.0,256.66766513
2025-05-19 07:00:00,Bitstamp:BTCUSD,106520.0,107115.0,103592.0,103655.0,374.22196532
2025-05-19 11:00:00,Bitstamp:BTCUSD,103639.0,103761.0,102126.0,103248.0,289.43069374
2025-05-19 15:00:00,Bitstamp:BTCUSD,103253.0,103447.0,102822.0,103005.0,83.01517652
2025-05-19 19:00:00,Bitstamp:BTCUSD,102958.0,104997.0,102182.0,104859.0,375.16648519
2025-05-19 23:00:00,Bitstamp:BTCUSD,104839.0,105632.0,104557.0,105585.0,462.74042701
2025-05-20 03:00:00,Bitstamp:BTCUSD,105558.0,105845.0,105060.0,105622.0,93.35737562
2025-05-20 07:00:00,Bitstamp:BTCUSD,105630.0,106851.0,105561.0,105779.0,248.67050256
2025-05-20 11:00:00,Bitstamp:BTCUSD,105779.0,106418.0,104972.0,105056.0,207.85600062
2025-05-20 15:00:00,Bitstamp:BTCUSD,105067.0,105414.0,104910.0,105250.0,74.90297166
2025-05-20 19:00:00,Bitstamp:BTCUSD,105249.0,105414.0,104232.0,105360.0,254.38606277
2025-05-20 23:00:00,Bitstamp:BTCUSD,105360.0,107290.0,105137.0,107015.0,436.48346118
2025-05-21 03:00:00,Bitstamp:BTCUSD,107064.0,107340.0,105992.0,106855.0,240.12585383
2025-05-21 07:00:00,Bitstamp:BTCUSD,106891.0,107238.0,106252.0,106891.0,88.49726832
2025-05-21 11:00:00,Bitstamp:BTCUSD,106901.0,108035.0,106517.0,106544.0,321.80180645
2025-05-21 15:00:00,Bitstamp:BTCUSD,106563.0,106834.0,106141.0,106589.0,76.02760032
2025-05-21 19:00:00,Bitstamp:BTCUSD,106580.0,109500.0,106406.0,109024.0,784.19465392
2025-05-21 23:00:00,Bitstamp:BTCUSD,109026.0,109874.0,106214.0,108691.0,843.714994
2025-05-22 03:00:00,Bitstamp:BTCUSD,108679.0,110730.0,107806.0,109682.0,316.55781382
2025-05-22 07:00:00,Bitstamp:BTCUSD,109696.0,111888.0,109252.0,111754.0,237.73458725
2025-05-22 11:00:00,Bitstamp:BTCUSD,111747.0,111791.0,110487.0,111051.0,168.46254816
2025-05-22 15:00:00,Bitstamp:BTCUSD,111051.0,111322.0,110292.0,110979.0,128.76583569
2025-05-22 19:00:00,Bitstamp:BTCUSD,110994.0,111624.0,110573.0,111320.0,344.67507754
2025-05-22 23:00:00,Bitstamp:BTCUSD,111328.0,112000.0,110971.0,111189.0,408.6960684
2025-05-23 03:00:00,Bitstamp:BTCUSD,111234.0,111755.0,110800.0,111743.0,87.40613965
2025-05-23 07:00:00,Bitstamp:BTCUSD,111742.0,111816.0,111041.0,111111.0,131.18514319
2025-05-23 11:00:00,Bitstamp:BTCUSD,111117.0,111186.0,110408.0,110710.0,131.98391398
2025-05-23 15:00:00,Bitstamp:BTCUSD,110735.0,111356.0,108911.0,109089.0,262.02950865
2025-05-23 19:00:00,Bitstamp:BTCUSD,109099.0,110028.0,107367.0,108957.0,657.87925842
2025-05-23 23:00:00,Bitstamp:BTCUSD,108957.0,109837.0,108050.0,108764.0,227.7051102
2025-05-24 03:00:00,Bitstamp:BTCUSD,108727.0,108748.0,106827.0,107329.0,177.44569195
2025-05-24 07:00:00,Bitstamp:BTCUSD,107319.0,108453.0,106908.0,108391.0,149.76339632
2025-05-24 11:00:00,Bitstamp:BTCUSD,108393.0,108586.0,107601.0,107653.0,81.13053933
2025-05-24 15:00:00,Bitstamp:BTCUSD,107726.0,109501.0,107649.0,109228.0,102.47321438
2025-05-24 19:00:00,Bitstamp:BTCUSD,109225.0,109293.0,108572.0,108964.0,83.74114253
2025-05-24 23:00:00,Bitstamp:BTCUSD,108972.0,109216.0,108742.0,108999.0,32.04946542
2025-05-25 03:00:00,Bitstamp:BTCUSD,109005.0,109164.0,107540.0,107799.0,127.90904781
2025-05-25 07:00:00,Bitstamp:BTCUSD,107798.0,108286.0,107275.0,108134.0,154.02021597
2025-05-25 11:00:00,Bitstamp:BTCUSD,108129.0,108312.0,107483.0,107710.0,51.31332906
2025-05-25 15:00:00,Bitstamp:BTCUSD,107708.0,107722.0,106765.0,107298.0,175.14350063
2025-05-25 19:00:00,Bitstamp:BTCUSD,107286.0,107754.0,106666.0,107000.0,134.12757351
2025-05-25 23:00:00,Bitstamp:BTCUSD,107000.0,107987.0,106689.0,107748.0,96.87923648
2025-05-26 03:00:00,Bitstamp:BTCUSD,107759.0,109383.0,107227.0,109068.0,297.49239746
2025-05-26 07:00:00,Bitstamp:BTCUSD,109114.0,109865.0,108759.0,109678.0,121.59400526
2025-05-26 11:00:00,Bitstamp:BTCUSD,109678.0,110266.0,109414.0,110146.0,102.41056386
2025-05-26 15:00:00,Bitstamp:BTCUSD,110147.0,110200.0,109632.0,109805.0,75.9352114
2025-05-26 19:00:00,Bitstamp:BTCUSD,109881.0,110425.0,109514.0,110096.0,192.45878388
2025-05-26 23:00:00,Bitstamp:BTCUSD,110080.0,110461.0,108868.0,109175.0,148.45285494
2025-05-27 03:00:00,Bitstamp:BTCUSD,109160.0,109886.0,108991.0,109468.0,95.88520518
2025-05-27 07:00:00,Bitstamp:BTCUSD,109474.0,109693.0,107562.0,108923.0,250.98304598
2025-05-27 11:00:00,Bitstamp:BTCUSD,108929.0,109640.0,108598.0,109534.0,94.9894817
2025-05-27 15:00:00,Bitstamp:BTCUSD,109640.0,109915.0,109463.0,109609.0,51.09163396
2025-05-27 19:00:00,Bitstamp:BTCUSD,109609.0,110789.0,108766.0,110188.0,358.18219105
2025-05-27 23:00:00,Bitstamp:BTCUSD,110188.0,110545.0,109632.0,109936.0,395.75814876
2025-05-28 03:00:00,Bitstamp:BTCUSD,109942.0,109950.0,108650.0,108980.0,145.6080039
2025-05-28 07:00:00,Bitstamp:BTCUSD,108980.0,109307.0,108467.0,108914.0,97.25691727
2025-05-28 11:00:00,Bitstamp:BTCUSD,108898.0,109134.0,108688.0,108872.0,68.94664241
2025-05-28 15:00:00,Bitstamp:BTCUSD,108887.0,109182.0,108338.0,108916.0,134.52321712
2025-05-28 19:00:00,Bitstamp:BTCUSD,108929.0,109088.0,107086.0,107169.0,220.80417052
2025-05-28 23:00:00,Bitstamp:BTCUSD,107140.0,107871.0,106912.0,106977.0,323.98671259
2025-05-29 03:00:00,Bitstamp:BTCUSD,106981.0,108088.0,106804.0,107811.0,234.30972984
2025-05-29 07:00:00,Bitstamp:BTCUSD,107821.0,108507.0,107496.0,108087.0,190.08105734
2025-05-29 11:00:00,Bitstamp:BTCUSD,108117.0,108153.0,107001.0,107915.0,143.27028017
2025-05-29 15:00:00,Bitstamp:BTCUSD,107922.0,108924.0,107752.0,108820.0,124.56349152
2025-05-29 19:00:00,Bitstamp:BTCUSD,108799.0,108844.0,106500.0,107031.0,369.24504684
2025-05-29 23:00:00,Bitstamp:BTCUSD,107035.0,107149.0,105663.0,105739.0,459.53947041
2025-05-30 03:00:00,Bitstamp:BTCUSD,105769.0,106456.0,105374.0,105578.0,145.07955529
2025-05-30 07:00:00,Bitstamp:BTCUSD,105577.0,106208.0,104688.0,106036.0,249.36344286
2025-05-30 11:00:00,Bitstamp:BTCUSD,106036.0,106329.0,104783.0,105049.0,163.83432329
2025-05-30 15:00:00,Bitstamp:BTCUSD,105065.0,105997.0,104683.0,105908.0,242.5152463
2025-05-30 19:00:00,Bitstamp:BTCUSD,105904.0,106015.0,105060.0,105553.0,129.96078892
2025-05-30 23:00:00,Bitstamp:BTCUSD,105555.0,105565.0,103703.0,104632.0,277.29409443
2025-05-31 03:00:00,Bitstamp:BTCUSD,104619.0,104909.0,103675.0,104034.0,149.05746889
2025-05-31 07:00:00,Bitstamp:BTCUSD,103988.0,104304.0,103127.0,103707.0,104.09327062
2025-05-31 11:00:00,Bitstamp:BTCUSD,103696.0,103944.0,103529.0,103793.0,45.94901046
2025-05-31 15:00:00,Bitstamp:BTCUSD,103795.0,103854.0,103347.0,103534.0,65.80677
2025-05-31 19:00:00,Bitstamp:BTCUSD,103534.0,104897.0,103530.0,104610.0,130.06702208
2025-05-31 23:00:00,Bitstamp:BTCUSD,104609.0,104834.0,104333.0,104761.0,73.28539318
2025-06-01 03:00:00,Bitstamp:BTCUSD,104772.0,104947.0,104550.0,104646.0,64.10991993
2025-06-01 07:00:00,Bitstamp:BTCUSD,104646.0,104710.0,103995.0,104429.0,103.17408145
2025-06-01 11:00:00,Bitstamp:BTCUSD,104438.0,104771.0,104269.0,104336.0,58.31073741
2025-06-01 15:00:00,Bitstamp:BTCUSD,104336.0,104507.0,103832.0,104126.0,54.62894529
2025-06-01 19:00:00,Bitstamp:BTCUSD,104126.0,104844.0,103846.0,104758.0,85.14876521
2025-06-01 23:00:00,Bitstamp:BTCUSD,104758.0,105338.0,104419.0,105174.0,162.10393927
2025-06-02 03:00:00,Bitstamp:BTCUSD,105175.0,105908.0,104968.0,105705.0,184.70100968
2025-06-02 07:00:00,Bitstamp:BTCUSD,105677.0,105788.0,104645.0,104900.0,115.36449938
2025-06-02 11:00:00,Bitstamp:BTCUSD,104900.0,105465.0,104684.0,105414.0,102.6054647
2025-06-02 15:00:00,Bitstamp:BTCUSD,105440.0,105972.0,104000.0,104076.0,187.78853051
2025-06-02 19:00:00,Bitstamp:BTCUSD,104068.0,104708.0,103708.0,104481.0,316.11804017
2025-06-02 23:00:00,Bitstamp:BTCUSD,104500.0,104777.0,104088.0,104466.0,30.42022358
2025-06-03 03:00:00,Bitstamp:BTCUSD,104493.0,106001.0,104493.0,105905.0,189.43461746
2025-06-03 07:00:00,Bitstamp:BTCUSD,105890.0,106564.0,105437.0,105540.0,124.15119978
2025-06-03 11:00:00,Bitstamp:BTCUSD,105540.0,105585.0,105199.0,105247.0,55.28263239
2025-06-03 15:00:00,Bitstamp:BTCUSD,105240.0,105412.0,104947.0,105369.0,115.93045789
2025-06-03 19:00:00,Bitstamp:BTCUSD,105369.0,106854.0,105120.0,106696.0,302.38502832
2025-06-03 23:00:00,Bitstamp:BTCUSD,106698.0,106755.0,105653.0,106305.0,228.03420128
2025-06-04 03:00:00,Bitstamp:BTCUSD,106297.0,106325.0,105336.0,105454.0,98.64037277
2025-06-04 07:00:00,Bitstamp:BTCUSD,105426.0,105896.0,105213.0,105583.0,71.1180221
2025-06-04 11:00:00,Bitstamp:BTCUSD,105582.0,105683.0,105327.0,105389.0,36.35472369
2025-06-04 15:00:00,Bitstamp:BTCUSD,105396.0,106036.0,105136.0,105149.0,194.62466612
2025-06-04 19:00:00,Bitstamp:BTCUSD,105148.0,105581.0,104219.0,105353.0,264.19628735
2025-06-04 23:00:00,Bitstamp:BTCUSD,105383.0,105537.0,104931.0,104989.0,157.65839179
2025-06-05 03:00:00,Bitstamp:BTCUSD,104978.0,105086.0,104482.0,104745.0,67.9963825
2025-06-05 07:00:00,Bitstamp:BTCUSD,104734.0,105286.0,104718.0,105095.0,65.83410855
2025-06-05 11:00:00,Bitstamp:BTCUSD,105091.0,105275.0,104426.0,104554.0,60.39155387
2025-06-05 15:00:00,Bitstamp:BTCUSD,104568.0,104960.0,104492.0,104884.0,63.15149042
2025-06-05 19:00:00,Bitstamp:BTCUSD,104877.0,105959.0,103934.0,104567.0,350.19918888
2025-06-05 23:00:00,Bitstamp:BTCUSD,104567.0,104629.0,101650.0,101923.0,440.03046008
2025-06-06 03:00:00,Bitstamp:BTCUSD,101924.0,102181.0,100426.0,101559.0,394.7227071
2025-06-06 07:00:00,Bitstamp:BTCUSD,101558.0,102575.0,101159.0,102548.0,82.33945838
2025-06-06 11:00:00,Bitstamp:BTCUSD,102551.0,103534.0,102446.0,103197.0,288.17311991
2025-06-06 15:00:00,Bitstamp:BTCUSD,103199.0,104057.0,103199.0,104000.0,147.09282646
2025-06-06 19:00:00,Bitstamp:BTCUSD,104001.0,105416.0,103633.0,105179.0,644.34027096
2025-06-06 23:00:00,Bitstamp:BTCUSD,105180.0,105386.0,104144.0,104288.0,218.45957107
2025-06-07 03:00:00,Bitstamp:BTCUSD,104321.0,104703.0,104256.0,104393.0,94.53623624
2025-06-07 07:00:00,Bitstamp:BTCUSD,104416.0,105000.0,103992.0,104952.0,113.20718593
2025-06-07 11:00:00,Bitstamp:BTCUSD,104956.0,105414.0,104738.0,104956.0,142.82933531
2025-06-07 15:00:00,Bitstamp:BTCUSD,104966.0,105325.0,104783.0,105223.0,85.83681208
2025-06-07 19:00:00,Bitstamp:BTCUSD,105260.0,105845.0,105255.0,105625.0,139.04473663
2025-06-07 23:00:00,Bitstamp:BTCUSD,105629.0,105935.0,105348.0,105784.0,88.68610395
2025-06-08 03:00:00,Bitstamp:BTCUSD,105784.0,105959.0,105606.0,105619.0,44.26728188
2025-06-08 07:00:00,Bitstamp:BTCUSD,105619.0,105827.0,105477.0,105535.0,47.08868564
2025-06-08 11:00:00,Bitstamp:BTCUSD,105537.0,105701.0,105477.0,105490.0,14.9502277
2025-06-08 15:00:00,Bitstamp:BTCUSD,105490.0,105756.0,105060.0,105726.0,91.27392421
2025-06-08 19:00:00,Bitstamp:BTCUSD,105728.0,106150.0,105571.0,106045.0,83.31455289
2025-06-08 23:00:00,Bitstamp:BTCUSD,106046.0,106409.0,106003.0,106357.0,55.25113106
2025-06-09 03:00:00,Bitstamp:BTCUSD,106357.0,106507.0,105631.0,105792.0,61.25220438
2025-06-09 07:00:00,Bitstamp:BTCUSD,105791.0,106016.0,105389.0,105720.0,76.02208184
2025-06-09 11:00:00,Bitstamp:BTCUSD,105697.0,105769.0,105390.0,105633.0,42.58899054
2025-06-09 15:00:00,Bitstamp:BTCUSD,105617.0,107847.0,105531.0,107760.0,203.98933356
2025-06-09 19:00:00,Bitstamp:BTCUSD,107820.0,108065.0,106944.0,107696.0,241.04519529
2025-06-09 23:00:00,Bitstamp:BTCUSD,107709.0,108846.0,107708.0,108643.0,331.44017698
2025-06-10 03:00:00,Bitstamp:BTCUSD,108652.0,110587.0,108525.0,110307.0,268.19299805
2025-06-10 07:00:00,Bitstamp:BTCUSD,110311.0,110352.0,109435.0,109605.0,75.41561261
2025-06-10 11:00:00,Bitstamp:BTCUSD,109608.0,109774.0,109162.0,109266.0,56.25106199
2025-06-10 15:00:00,Bitstamp:BTCUSD,109284.0,109869.0,109109.0,109571.0,147.75766186
2025-06-10 19:00:00,Bitstamp:BTCUSD,109568.0,109915.0,108403.0,109035.0,274.95580477
2025-06-10 23:00:00,Bitstamp:BTCUSD,109082.0,110400.0,108544.0,109564.0,258.64096069
2025-06-11 03:00:00,Bitstamp:BTCUSD,109538.0,110292.0,109281.0,110292.0,107.63166024
2025-06-11 07:00:00,Bitstamp:BTCUSD,110292.0,110292.0,109560.0,109741.0,30.27044394
2025-06-11 11:00:00,Bitstamp:BTCUSD,109730.0,109765.0,109397.0,109458.0,47.33114028
2025-06-11 15:00:00,Bitstamp:BTCUSD,109458.0,109664.0,109225.0,109261.0,30.21245071
2025-06-11 19:00:00,Bitstamp:BTCUSD,109258.0,110398.0,109043.0,109758.0,246.45891917
2025-06-11 23:00:00,Bitstamp:BTCUSD,109760.0,109817.0,108456.0,108775.0,253.36993707
2025-06-12 03:00:00,Bitstamp:BTCUSD,108776.0,109250.0,108113.0,108678.0,109.84542113
2025-06-12 07:00:00,Bitstamp:BTCUSD,108670.0,108833.0,107751.0,107895.0,100.00895025
2025-06-12 11:00:00,Bitstamp:BTCUSD,107894.0,108000.0,107385.0,107638.0,95.82163255
2025-06-12 15:00:00,Bitstamp:BTCUSD,107622.0,107852.0,106926.0,106927.0,65.15242952
2025-06-12 19:00:00,Bitstamp:BTCUSD,106928.0,107845.0,106623.0,107030.0,193.05862939
2025-06-12 23:00:00,Bitstamp:BTCUSD,107031.0,108455.0,106726.0,106852.0,240.72729301
2025-06-13 03:00:00,Bitstamp:BTCUSD,106859.0,106982.0,105731.0,105731.0,160.99612777
2025-06-13 07:00:00,Bitstamp:BTCUSD,105725.0,105757.0,102816.0,104383.0,542.19495711
2025-06-13 11:00:00,Bitstamp:BTCUSD,104350.0,105000.0,103863.0,104950.0,95.04354632
2025-06-13 15:00:00,Bitstamp:BTCUSD,104938.0,105515.0,104483.0,105091.0,183.03307301
2025-06-13 19:00:00,Bitstamp:BTCUSD,105104.0,105797.0,104182.0,105504.0,234.35833396
2025-06-13 23:00:00,Bitstamp:BTCUSD,105505.0,106030.0,104739.0,105158.0,133.63375421
2025-06-14 03:00:00,Bitstamp:BTCUSD,105164.0,106209.0,105073.0,106118.0,79.90121868
2025-06-14 07:00:00,Bitstamp:BTCUSD,106117.0,106250.0,105275.0,105297.0,108.73612489
2025-06-14 11:00:00,Bitstamp:BTCUSD,105297.0,105459.0,104834.0,105130.0,46.44657009
2025-06-14 15:00:00,Bitstamp:BTCUSD,105114.0,105162.0,104891.0,105147.0,46.7566206
2025-06-14 19:00:00,Bitstamp:BTCUSD,105116.0,105161.0,104707.0,104885.0,70.5120186
2025-06-14 23:00:00,Bitstamp:BTCUSD,104856.0,105083.0,104434.0,104695.0,135.390589
2025-06-15 03:00:00,Bitstamp:BTCUSD,104702.0,105528.0,104376.0,105464.0,109.05812568
2025-06-15 07:00:00,Bitstamp:BTCUSD,105475.0,105718.0,105323.0,105529.0,27.87989638
2025-06-15 11:00:00,Bitstamp:BTCUSD,105545.0,106163.0,105275.0,105469.0,100.20270651
2025-06-15 15:00:00,Bitstamp:BTCUSD,105490.0,105515.0,104923.0,105006.0,56.43842079
2025-06-15 19:00:00,Bitstamp:BTCUSD,105009.0,105845.0,104989.0,105602.0,120.00054697
2025-06-15 23:00:00,Bitstamp:BTCUSD,105605.0,105794.0,105123.0,105316.0,62.27696725
2025-06-16 03:00:00,Bitstamp:BTCUSD,105324.0,105617.0,104532.0,105617.0,120.79116342
2025-06-16 07:00:00,Bitstamp:BTCUSD,105612.0,105972.0,105023.0,105935.0,94.497839
2025-06-16 11:00:00,Bitstamp:BTCUSD,105943.0,107251.0,105893.0,107077.0,102.96798452
2025-06-16 15:00:00,Bitstamp:BTCUSD,107084.0,107238.0,106585.0,106891.0,154.73406923
2025-06-16 19:00:00,Bitstamp:BTCUSD,106891.0,107806.0,106523.0,107463.0,143.25349014
2025-06-16 23:00:00,Bitstamp:BTCUSD,107484.0,108937.0,107356.0,108689.0,214.93356784
2025-06-17 03:00:00,Bitstamp:BTCUSD,108703.0,108990.0,106763.0,106829.0,221.66903966
2025-06-17 07:00:00,Bitstamp:BTCUSD,106853.0,107773.0,106200.0,107608.0,119.95264906
2025-06-17 11:00:00,Bitstamp:BTCUSD,107608.0,107719.0,106521.0,106807.0,67.7236152
2025-06-17 15:00:00,Bitstamp:BTCUSD,106806.0,106864.0,105541.0,105680.0,73.19683521
2025-06-17 19:00:00,Bitstamp:BTCUSD,105679.0,105884.0,104175.0,104265.0,356.42026517
2025-06-17 23:00:00,Bitstamp:BTCUSD,104256.0,105362.0,103388.0,104710.0,474.10260911
2025-06-18 03:00:00,Bitstamp:BTCUSD,104709.0,104909.0,104249.0,104584.0,66.25661572
2025-06-18 07:00:00,Bitstamp:BTCUSD,104617.0,105250.0,104407.0,105199.0,92.8011417
2025-06-18 11:00:00,Bitstamp:BTCUSD,105201.0,105566.0,104765.0,104990.0,70.03375323
2025-06-18 15:00:00,Bitstamp:BTCUSD,105000.0,105313.0,104223.0,104851.0,119.82854633
2025-06-18 19:00:00,Bitstamp:BTCUSD,104853.0,105325.0,103857.0,104842.0,251.14935563
2025-06-18 23:00:00,Bitstamp:BTCUSD,104831.0,104871.0,103521.0,103815.0,318.067136
2025-06-19 03:00:00,Bitstamp:BTCUSD,103857.0,105187.0,103657.0,104922.0,119.17038632
2025-06-19 07:00:00,Bitstamp:BTCUSD,104922.0,105254.0,104506.0,105116.0,62.06353516
2025-06-19 11:00:00,Bitstamp:BTCUSD,105123.0,105237.0,104646.0,104666.0,55.78627435
2025-06-19 15:00:00,Bitstamp:BTCUSD,104666.0,105086.0,104666.0,104812.0,20.50604951
2025-06-19 19:00:00,Bitstamp:BTCUSD,104811.0,104922.0,104110.0,104129.0,113.79313965
2025-06-19 23:00:00,Bitstamp:BTCUSD,104129.0,104834.0,103957.0,104278.0,147.42739003
2025-06-20 03:00:00,Bitstamp:BTCUSD,104285.0,104898.0,104168.0,104688.0,65.26943734
2025-06-20 07:00:00,Bitstamp:BTCUSD,104682.0,104846.0,104433.0,104615.0,35.13275527
2025-06-20 11:00:00,Bitstamp:BTCUSD,104611.0,105820.0,104251.0,105820.0,98.33661844
2025-06-20 15:00:00,Bitstamp:BTCUSD,105820.0,106521.0,105805.0,105996.0,106.38734713
2025-06-20 19:00:00,Bitstamp:BTCUSD,106003.0,106160.0,103907.0,104246.0,256.66305648
2025-06-20 23:00:00,Bitstamp:BTCUSD,104230.0,104297.0,102309.0,103377.0,373.16177888
2025-06-21 03:00:00,Bitstamp:BTCUSD,103331.0,103894.0,103002.0,103316.0,101.83463837
2025-06-21 07:00:00,Bitstamp:BTCUSD,103329.0,103708.0,103152.0,103555.0,50.89195834
2025-06-21 11:00:00,Bitstamp:BTCUSD,103522.0,103639.0,103375.0,103496.0,25.5960615
2025-06-21 15:00:00,Bitstamp:BTCUSD,103499.0,104013.0,103494.0,103896.0,49.13974648
2025-06-21 19:00:00,Bitstamp:BTCUSD,103895.0,103973.0,103352.0,103607.0,97.49416691
2025-06-21 23:00:00,Bitstamp:BTCUSD,103597.0,103670.0,102262.0,102276.0,128.37711381
2025-06-22 03:00:00,Bitstamp:BTCUSD,102315.0,102911.0,100945.0,102139.0,466.02229823
2025-06-22 07:00:00,Bitstamp:BTCUSD,102198.0,103387.0,101894.0,102418.0,251.78240249
2025-06-22 11:00:00,Bitstamp:BTCUSD,102417.0,102983.0,102290.0,102479.0,41.26148657
2025-06-22 15:00:00,Bitstamp:BTCUSD,102474.0,102820.0,102139.0,102771.0,99.48437112
2025-06-22 19:00:00,Bitstamp:BTCUSD,102763.0,102840.0,98954.0,98980.0,610.99188603
2025-06-22 23:00:00,Bitstamp:BTCUSD,98954.0,100401.0,98723.0,98932.0,203.94379925
2025-06-23 03:00:00,Bitstamp:BTCUSD,98923.0,101062.0,98240.0,101015.0,158.58886728
2025-06-23 07:00:00,Bitstamp:BTCUSD,100990.0,101644.0,100539.0,101209.0,169.34776191
2025-06-23 11:00:00,Bitstamp:BTCUSD,101226.0,102201.0,101042.0,101983.0,136.40797184
2025-06-23 15:00:00,Bitstamp:BTCUSD,101982.0,102100.0,101164.0,101325.0,102.05842891
2025-06-23 19:00:00,Bitstamp:BTCUSD,101333.0,102647.0,100860.0,101484.0,309.63799623
2025-06-23 23:00:00,Bitstamp:BTCUSD,101494.0,103371.0,99705.0,103237.0,618.86296841
2025-06-24 03:00:00,Bitstamp:BTCUSD,103246.0,106125.0,102950.0,105464.0,435.16296681
2025-06-24 07:00:00,Bitstamp:BTCUSD,105418.0,105588.0,104803.0,105020.0,116.93917967
2025-06-24 11:00:00,Bitstamp:BTCUSD,104997.0,105883.0,104796.0,105005.0,398.34158695
2025-06-24 15:00:00,Bitstamp:BTCUSD,105000.0,105629.0,104695.0,105238.0,166.3279548
2025-06-24 19:00:00,Bitstamp:BTCUSD,105237.0,105794.0,104872.0,105306.0,208.12218744
2025-06-24 23:00:00,Bitstamp:BTCUSD,105305.0,106344.0,105255.0,105743.0,203.32509879
2025-06-25 03:00:00,Bitstamp:BTCUSD,105698.0,106163.0,105499.0,106131.0,65.11941867
2025-06-25 07:00:00,Bitstamp:BTCUSD,106132.0,106843.0,105872.0,106298.0,121.43956563
2025-06-25 11:00:00,Bitstamp:BTCUSD,106298.0,106763.0,106004.0,106673.0,100.98241041
2025-06-25 15:00:00,Bitstamp:BTCUSD,106671.0,107277.0,106392.0,107242.0,98.53189205
2025-06-25 19:00:00,Bitstamp:BTCUSD,107246.0,108182.0,106853.0,107108.0,391.35476503
2025-06-25 23:00:00,Bitstamp:BTCUSD,107108.0,107995.0,106994.0,107824.0,401.71531643
2025-06-26 03:00:00,Bitstamp:BTCUSD,107823.0,108052.0,107164.0,107418.0,88.10678147
2025-06-26 07:00:00,Bitstamp:BTCUSD,107417.0,108358.0,107187.0,107926.0,157.25477194
2025-06-26 11:00:00,Bitstamp:BTCUSD,107927.0,108144.0,107599.0,107863.0,58.66882157
2025-06-26 15:00:00,Bitstamp:BTCUSD,107864.0,108223.0,107187.0,107386.0,84.99186675
2025-06-26 19:00:00,Bitstamp:BTCUSD,107386.0,107793.0,106640.0,107346.0,266.748966
2025-06-26 23:00:00,Bitstamp:BTCUSD,107344.0,107702.0,107059.0,107554.0,68.6707874
2025-06-27 03:00:00,Bitstamp:BTCUSD,107567.0,108027.0,106917.0,107004.0,155.04453572
2025-06-27 07:00:00,Bitstamp:BTCUSD,107005.0,107561.0,106394.0,107520.0,98.40172402
2025-06-27 11:00:00,Bitstamp:BTCUSD,107520.0,107794.0,106919.0,106951.0,233.85487631
2025-06-27 15:00:00,Bitstamp:BTCUSD,106950.0,107218.0,106763.0,107021.0,118.60532813
2025-06-27 19:00:00,Bitstamp:BTCUSD,107024.0,107457.0,106351.0,107367.0,398.49125295
2025-06-27 23:00:00,Bitstamp:BTCUSD,107367.0,107734.0,106508.0,106880.0,354.01150389
2025-06-28 03:00:00,Bitstamp:BTCUSD,106881.0,107329.0,106863.0,107100.0,83.24242971
2025-06-28 07:00:00,Bitstamp:BTCUSD,107100.0,107373.0,106880.0,107353.0,26.6439315
2025-06-28 11:00:00,Bitstamp:BTCUSD,107365.0,107535.0,107235.0,107535.0,18.46821207
2025-06-28 15:00:00,Bitstamp:BTCUSD,107535.0,107535.0,107317.0,107423.0,27.26455698
2025-06-28 19:00:00,Bitstamp:BTCUSD,107422.0,107584.0,107158.0,107498.0,42.73568918
2025-06-28 23:00:00,Bitstamp:BTCUSD,107524.0,107573.0,107290.0,107291.0,66.36343311
2025-06-29 03:00:00,Bitstamp:BTCUSD,107290.0,107419.0,107213.0,107348.0,23.52394405
2025-06-29 07:00:00,Bitstamp:BTCUSD,107353.0,107534.0,107239.0,107258.0,30.8393828
2025-06-29 11:00:00,Bitstamp:BTCUSD,107259.0,107432.0,107252.0,107432.0,17.192644
2025-06-29 15:00:00,Bitstamp:BTCUSD,107432.0,108494.0,107432.0,108479.0,196.03417302
2025-06-29 19:00:00,Bitstamp:BTCUSD,108499.0,108546.0,107704.0,107790.0,53.19854369
2025-06-29 23:00:00,Bitstamp:BTCUSD,107790.0,107816.0,107375.0,107431.0,117.09981566
2025-06-30 03:00:00,Bitstamp:BTCUSD,107412.0,108468.0,107317.0,108384.0,112.06451732
2025-06-30 07:00:00,Bitstamp:BTCUSD,108389.0,108800.0,108280.0,108553.0,77.55536942
2025-06-30 11:00:00,Bitstamp:BTCUSD,108559.0,108575.0,107535.0,107647.0,66.46234151
2025-06-30 15:00:00,Bitstamp:BTCUSD,107658.0,107981.0,107444.0,107686.0,88.26547509
2025-06-30 19:00:00,Bitstamp:BTCUSD,107688.0,107879.0,106751.0,107629.0,296.3152117
2025-06-30 23:00:00,Bitstamp:BTCUSD,107627.0,107832.0,107174.0,107779.0,165.77548676
2025-07-01 03:00:00,Bitstamp:BTCUSD,107779.0,107780.0,106972.0,107179.0,115.29728352
2025-07-01 07:00:00,Bitstamp:BTCUSD,107164.0,107560.0,107084.0,107237.0,48.84748396
2025-07-01 11:00:00,Bitstamp:BTCUSD,107237.0,107242.0,106674.0,107197.0,114.18992919
2025-07-01 15:00:00,Bitstamp:BTCUSD,107199.0,107199.0,106354.0,106623.0,81.15381451
2025-07-01 19:00:00,Bitstamp:BTCUSD,106636.0,107218.0,105660.0,105984.0,394.46573734
2025-07-01 23:00:00,Bitstamp:BTCUSD,105960.0,106321.0,105414.0,105415.0,147.52321228
2025-07-02 03:00:00,Bitstamp:BTCUSD,105435.0,106112.0,105280.0,105709.0,132.41162308
2025-07-02 07:00:00,Bitstamp:BTCUSD,105698.0,106227.0,105130.0,106200.0,97.34118221
2025-07-02 11:00:00,Bitstamp:BTCUSD,106201.0,107213.0,106151.0,107125.0,70.84232151
2025-07-02 15:00:00,Bitstamp:BTCUSD,107125.0,107880.0,107125.0,107513.0,110.9308578
2025-07-02 19:00:00,Bitstamp:BTCUSD,107520.0,108800.0,107238.0,108784.0,233.10796242
2025-07-02 23:00:00,Bitstamp:BTCUSD,108784.0,109802.0,108729.0,109746.0,291.70479249
2025-07-03 03:00:00,Bitstamp:BTCUSD,109752.0,109752.0,108794.0,108885.0,107.02455963
2025-07-03 07:00:00,Bitstamp:BTCUSD,108885.0,109160.0,108586.0,108682.0,77.24721837
2025-07-03 11:00:00,Bitstamp:BTCUSD,108678.0,109580.0,108626.0,109330.0,127.42788655
2025-07-03 15:00:00,Bitstamp:BTCUSD,109330.0,110292.0,109330.0,109637.0,134.42914763
2025-07-03 19:00:00,Bitstamp:BTCUSD,109634.0,110557.0,108800.0,109174.0,352.32350337
2025-07-03 23:00:00,Bitstamp:BTCUSD,109174.0,109968.0,109076.0,109866.0,158.34529305
2025-07-04 03:00:00,Bitstamp:BTCUSD,109869.0,110041.0,109586.0,109648.0,52.62176031
2025-07-04 07:00:00,Bitstamp:BTCUSD,109647.0,109799.0,109160.0,109283.0,70.70929686
2025-07-04 11:00:00,Bitstamp:BTCUSD,109285.0,109380.0,108768.0,108768.0,103.25833259
2025-07-04 15:00:00,Bitstamp:BTCUSD,108762.0,109147.0,108585.0,108920.0,92.5532704
2025-07-04 19:00:00,Bitstamp:BTCUSD,108929.0,109023.0,107564.0,107619.0,170.92573384
2025-07-04 23:00:00,Bitstamp:BTCUSD,107673.0,107962.0,107303.0,107500.0,92.65676244
2025-07-05 03:00:00,Bitstamp:BTCUSD,107499.0,108287.0,107460.0,108033.0,77.77889127
2025-07-05 07:00:00,Bitstamp:BTCUSD,108033.0,108286.0,107811.0,108193.0,39.4263948
2025-07-05 11:00:00,Bitstamp:BTCUSD,108195.0,108416.0,108055.0,108079.0,67.42868028
2025-07-05 15:00:00,Bitstamp:BTCUSD,108088.0,108257.0,107928.0,108166.0,31.14403824
2025-07-05 19:00:00,Bitstamp:BTCUSD,108165.0,108260.0,108026.0,108095.0,15.98682312
2025-07-05 23:00:00,Bitstamp:BTCUSD,108096.0,108195.0,107924.0,108178.0,45.20702747
2025-07-06 03:00:00,Bitstamp:BTCUSD,108178.0,108260.0,108020.0,108240.0,20.02394781
2025-07-06 07:00:00,Bitstamp:BTCUSD,108240.0,108273.0,108065.0,108084.0,33.64374856
2025-07-06 11:00:00,Bitstamp:BTCUSD,108084.0,108247.0,108001.0,108091.0,24.42325736
2025-07-06 15:00:00,Bitstamp:BTCUSD,108092.0,108142.0,107858.0,108109.0,36.60580253
2025-07-06 19:00:00,Bitstamp:BTCUSD,108110.0,109140.0,108085.0,108918.0,142.61168483
2025-07-06 23:00:00,Bitstamp:BTCUSD,108926.0,108990.0,108326.0,108572.0,47.56797325
2025-07-07 03:00:00,Bitstamp:BTCUSD,108573.0,109717.0,108572.0,109233.0,135.22997666
2025-07-07 07:00:00,Bitstamp:BTCUSD,109231.0,109711.0,108696.0,109408.0,88.37766121
2025-07-07 11:00:00,Bitstamp:BTCUSD,109409.0,109462.0,108690.0,109067.0,56.65222127
2025-07-07 15:00:00,Bitstamp:BTCUSD,109067.0,109094.0,108611.0,108658.0,58.88525972
2025-07-07 19:00:00,Bitstamp:BTCUSD,108653.0,108674.0,107987.0,108309.0,231.20456208
2025-07-07 23:00:00,Bitstamp:BTCUSD,108309.0,108515.0,107520.0,108053.0,225.14374671
2025-07-08 03:00:00,Bitstamp:BTCUSD,108053.0,108319.0,107812.0,108287.0,48.20158464
2025-07-08 07:00:00,Bitstamp:BTCUSD,108286.0,108533.0,107471.0,107919.0,171.16808383
2025-07-08 11:00:00,Bitstamp:BTCUSD,107919.0,108507.0,107765.0,108491.0,51.11130614
2025-07-08 15:00:00,Bitstamp:BTCUSD,108493.0,109000.0,108247.0,108769.0,79.55705107
2025-07-08 19:00:00,Bitstamp:BTCUSD,108775.0,109225.0,108251.0,108283.0,177.44408386
2025-07-08 23:00:00,Bitstamp:BTCUSD,108280.0,109173.0,108118.0,108788.0,154.63084848
2025-07-09 03:00:00,Bitstamp:BTCUSD,108787.0,109012.0,108638.0,108947.0,41.77715875
2025-07-09 07:00:00,Bitstamp:BTCUSD,108947.0,109147.0,108377.0,108389.0,66.4684051
2025-07-09 11:00:00,Bitstamp:BTCUSD,108387.0,108924.0,108352.0,108711.0,65.63670578
2025-07-09 15:00:00,Bitstamp:BTCUSD,108710.0,109125.0,108585.0,109070.0,47.29624832
2025-07-09 19:00:00,Bitstamp:BTCUSD,109071.0,109777.0,108524.0,109086.0,267.93735203
2025-07-09 23:00:00,Bitstamp:BTCUSD,109086.0,112040.0,109054.0,111758.0,427.6857017
2025-07-10 03:00:00,Bitstamp:BTCUSD,111789.0,111967.0,110612.0,111287.0,331.41060923
2025-07-10 07:00:00,Bitstamp:BTCUSD,111318.0,111606.0,110935.0,111114.0,48.3700599
2025-07-10 11:00:00,Bitstamp:BTCUSD,111115.0,111480.0,110996.0,111277.0,107.7193395
2025-07-10 15:00:00,Bitstamp:BTCUSD,111265.0,111449.0,110929.0,111068.0,76.57804838
2025-07-10 19:00:00,Bitstamp:BTCUSD,111060.0,111476.0,110610.0,111472.0,303.52412685
2025-07-10 23:00:00,Bitstamp:BTCUSD,111476.0,113879.0,111413.0,113417.0,617.01721197
2025-07-11 03:00:00,Bitstamp:BTCUSD,113417.0,117000.0,113376.0,116031.0,830.31265966
2025-07-11 07:00:00,Bitstamp:BTCUSD,116038.0,116964.0,115226.0,116911.0,241.03437685
2025-07-11 11:00:00,Bitstamp:BTCUSD,116912.0,118426.0,116474.0,117607.0,344.45542863
2025-07-11 15:00:00,Bitstamp:BTCUSD,117608.0,118839.0,117608.0,117837.0,250.45686064
2025-07-11 19:00:00,Bitstamp:BTCUSD,117838.0,118259.0,116738.0,116897.0,362.61288625
2025-07-11 23:00:00,Bitstamp:BTCUSD,116913.0,118266.0,116650.0,118184.0,559.91547116
2025-07-12 03:00:00,Bitstamp:BTCUSD,118179.0,118179.0,117238.0,117579.0,113.79503571
2025-07-12 07:00:00,Bitstamp:BTCUSD,117579.0,117887.0,117210.0,117798.0,55.86590137
2025-07-12 11:00:00,Bitstamp:BTCUSD,117811.0,118100.0,117570.0,117790.0,62.07596304
2025-07-12 15:00:00,Bitstamp:BTCUSD,117793.0,118227.0,117704.0,117859.0,118.66779159
2025-07-12 19:00:00,Bitstamp:BTCUSD,117859.0,117916.0,116971.0,117149.0,232.77232442
2025-07-12 23:00:00,Bitstamp:BTCUSD,117149.0,117675.0,117095.0,117595.0,58.61818345
2025-07-13 03:00:00,Bitstamp:BTCUSD,117596.0,117601.0,117056.0,117464.0,129.61102465
2025-07-13 07:00:00,Bitstamp:BTCUSD,117464.0,117859.0,117256.0,117795.0,31.96759785
2025-07-13 11:00:00,Bitstamp:BTCUSD,117807.0,118092.0,117744.0,118031.0,27.86353635
2025-07-13 15:00:00,Bitstamp:BTCUSD,118043.0,118127.0,117738.0,118120.0,51.25519968
2025-07-13 19:00:00,Bitstamp:BTCUSD,118099.0,119444.0,118044.0,118735.0,316.13493246
2025-07-13 23:00:00,Bitstamp:BTCUSD,118723.0,119482.0,118444.0,119004.0,135.80645183
2025-07-14 03:00:00,Bitstamp:BTCUSD,119004.0,119421.0,118320.0,119135.0,136.5742798
2025-07-14 07:00:00,Bitstamp:BTCUSD,119140.0,121448.0,118972.0,120772.0,239.46547964
2025-07-14 11:00:00,Bitstamp:BTCUSD,120772.0,123236.0,120593.0,122732.0,369.11095836
2025-07-14 15:00:00,Bitstamp:BTCUSD,122731.0,122790.0,121357.0,121487.0,193.39629756
2025-07-14 19:00:00,Bitstamp:BTCUSD,121486.0,122106.0,119626.0,119876.0,528.22703555
2025-07-14 23:00:00,Bitstamp:BTCUSD,119877.0,120505.0,119203.0,119953.0,603.27072694
2025-07-15 03:00:00,Bitstamp:BTCUSD,119952.0,120468.0,119569.0,119879.0,75.2094031
2025-07-15 07:00:00,Bitstamp:BTCUSD,119862.0,119945.0,116849.0,117160.0,2225.79728625
2025-07-15 11:00:00,Bitstamp:BTCUSD,117141.0,117775.0,116290.0,116779.0,352.75878254
2025-07-15 15:00:00,Bitstamp:BTCUSD,116769.0,117182.0,116327.0,117096.0,364.15773487
2025-07-15 19:00:00,Bitstamp:BTCUSD,117096.0,118437.0,115729.0,116364.0,1809.61114428
2025-07-15 23:00:00,Bitstamp:BTCUSD,116364.0,117674.0,116016.0,116416.0,886.47773489
2025-07-16 03:00:00,Bitstamp:BTCUSD,116413.0,117986.0,116237.0,117769.0,205.75404827
2025-07-16 07:00:00,Bitstamp:BTCUSD,117770.0,118210.0,117047.0,117503.0,99.00548737
2025-07-16 11:00:00,Bitstamp:BTCUSD,117504.0,118322.0,117280.0,118199.0,101.75141285
2025-07-16 15:00:00,Bitstamp:BTCUSD,118199.0,119310.0,118143.0,118795.0,153.25140468
2025-07-16 19:00:00,Bitstamp:BTCUSD,118798.0,119850.0,118213.0,119135.0,567.63218826
2025-07-16 23:00:00,Bitstamp:BTCUSD,119135.0,119988.0,118532.0,119298.0,288.25876196
2025-07-17 03:00:00,Bitstamp:BTCUSD,119295.0,120086.0,118483.0,118718.0,236.75867587
2025-07-17 07:00:00,Bitstamp:BTCUSD,118692.0,119210.0,117746.0,118177.0,170.95355515
2025-07-17 11:00:00,Bitstamp:BTCUSD,118177.0,118822.0,117912.0,118380.0,124.89073528
2025-07-17 15:00:00,Bitstamp:BTCUSD,118380.0,119244.0,118029.0,118044.0,202.187583
2025-07-17 19:00:00,Bitstamp:BTCUSD,118044.0,119124.0,117506.0,118928.0,341.56735109
2025-07-17 23:00:00,Bitstamp:BTCUSD,118927.0,119938.0,118440.0,119007.0,459.01376348
2025-07-18 03:00:00,Bitstamp:BTCUSD,119040.0,121000.0,118497.0,119275.0,332.21091173
2025-07-18 07:00:00,Bitstamp:BTCUSD,119275.0,120850.0,119140.0,120314.0,221.63000989
2025-07-18 11:00:00,Bitstamp:BTCUSD,120314.0,120900.0,119401.0,119448.0,178.98911288
2025-07-18 15:00:00,Bitstamp:BTCUSD,119447.0,119560.0,118475.0,119256.0,235.3431439
2025-07-18 19:00:00,Bitstamp:BTCUSD,119255.0,119567.0,117393.0,117941.0,536.80964272
2025-07-18 23:00:00,Bitstamp:BTCUSD,117917.0,118121.0,117226.0,117445.0,449.75256067
2025-07-19 03:00:00,Bitstamp:BTCUSD,117447.0,118086.0,116915.0,118022.0,202.53954063
2025-07-19 07:00:00,Bitstamp:BTCUSD,118023.0,118454.0,117710.0,118412.0,80.35177636
2025-07-19 11:00:00,Bitstamp:BTCUSD,118412.0,118440.0,118157.0,118260.0,49.78897624
2025-07-19 15:00:00,Bitstamp:BTCUSD,118259.0,118553.0,118043.0,118393.0,66.57169626
2025-07-19 19:00:00,Bitstamp:BTCUSD,118393.0,118396.0,117719.0,118117.0,93.61028945
2025-07-19 23:00:00,Bitstamp:BTCUSD,118117.0,118213.0,117647.0,118074.0,121.2700448
2025-07-20 03:00:00,Bitstamp:BTCUSD,118073.0,118185.0,117352.0,117916.0,87.65892851
2025-07-20 07:00:00,Bitstamp:BTCUSD,117917.0,118211.0,117734.0,118044.0,92.65241817
2025-07-20 11:00:00,Bitstamp:BTCUSD,118044.0,118256.0,117845.0,118089.0,47.12245555
2025-07-20 15:00:00,Bitstamp:BTCUSD,118089.0,118327.0,117887.0,117938.0,76.89124212
2025-07-20 19:00:00,Bitstamp:BTCUSD,117935.0,118825.0,117788.0,118727.0,106.0333183
2025-07-20 23:00:00,Bitstamp:BTCUSD,118746.0,118896.0,118029.0,118248.0,90.18072816
2025-07-21 03:00:00,Bitstamp:BTCUSD,118218.0,118316.0,116551.0,117339.0,202.31830504
2025-07-21 07:00:00,Bitstamp:BTCUSD,117220.0,118667.0,116594.0,118453.0,169.24163799
2025-07-21 11:00:00,Bitstamp:BTCUSD,118450.0,119682.0,118225.0,119388.0,145.09795356
2025-07-21 15:00:00,Bitstamp:BTCUSD,119388.0,119533.0,118114.0,118114.0,151.95826728
2025-07-21 19:00:00,Bitstamp:BTCUSD,118115.0,119282.0,117831.0,118385.0,372.73984869
2025-07-21 23:00:00,Bitstamp:BTCUSD,118385.0,118442.0,116719.0,116802.0,373.44201882
2025-07-22 03:00:00,Bitstamp:BTCUSD,116803.0,117689.0,116710.0,117437.0,122.02185166
2025-07-22 07:00:00,Bitstamp:BTCUSD,117437.0,117973.0,116186.0,117250.0,254.43500949
2025-07-22 11:00:00,Bitstamp:BTCUSD,117250.0,118625.0,116618.0,118035.0,216.01766841
2025-07-22 15:00:00,Bitstamp:BTCUSD,118014.0,119253.0,117548.0,119226.0,177.35055825
2025-07-22 19:00:00,Bitstamp:BTCUSD,119225.0,119626.0,117626.0,118963.0,250.2922632
2025-07-22 23:00:00,Bitstamp:BTCUSD,118966.0,120247.0,118483.0,119344.0,249.86506603
2025-07-23 03:00:00,Bitstamp:BTCUSD,119353.0,120297.0,119252.0,120011.0,150.12926923
2025-07-23 07:00:00,Bitstamp:BTCUSD,120011.0,120165.0,118610.0,118675.0,100.55491526
2025-07-23 11:00:00,Bitstamp:BTCUSD,118676.0,119039.0,118360.0,118414.0,78.0059683
2025-07-23 15:00:00,Bitstamp:BTCUSD,118398.0,118682.0,117900.0,118592.0,90.11700843
2025-07-23 19:00:00,Bitstamp:BTCUSD,118592.0,118753.0,117376.0,118648.0,257.0168809
2025-07-23 23:00:00,Bitstamp:BTCUSD,118647.0,118647.0,117401.0,118415.0,302.31100806
2025-07-24 03:00:00,Bitstamp:BTCUSD,118458.0,118815.0,117450.0,118813.0,152.22591453
2025-07-24 07:00:00,Bitstamp:BTCUSD,118795.0,119310.0,118555.0,118566.0,128.82841564
2025-07-24 11:00:00,Bitstamp:BTCUSD,118590.0,118648.0,117201.0,118480.0,170.84986553
2025-07-24 15:00:00,Bitstamp:BTCUSD,118470.0,118867.0,118043.0,118663.0,109.02005569
2025-07-24 19:00:00,Bitstamp:BTCUSD,118634.0,119525.0,117916.0,119153.0,251.69042271
2025-07-24 23:00:00,Bitstamp:BTCUSD,119153.0,119454.0,118440.0,119028.0,222.70081983
2025-07-25 03:00:00,Bitstamp:BTCUSD,119025.0,119076.0,118241.0,118347.0,196.33171816
2025-07-25 07:00:00,Bitstamp:BTCUSD,118400.0,118509.0,115369.0,115400.0,1357.98662562
2025-07-25 11:00:00,Bitstamp:BTCUSD,115400.0,116146.0,114518.0,115329.0,1575.40138656
2025-07-25 15:00:00,Bitstamp:BTCUSD,115327.0,116800.0,114965.0,116514.0,1363.05633405
2025-07-25 19:00:00,Bitstamp:BTCUSD,116516.0,116644.0,114922.0,115745.0,656.64283203
2025-07-25 23:00:00,Bitstamp:BTCUSD,115744.0,117070.0,115479.0,116785.0,468.53539897
2025-07-26 03:00:00,Bitstamp:BTCUSD,116785.0,117655.0,116618.0,117653.0,240.31617464
2025-07-26 07:00:00,Bitstamp:BTCUSD,117652.0,117774.0,117196.0,117535.0,162.43894576
2025-07-26 11:00:00,Bitstamp:BTCUSD,117534.0,117601.0,117367.0,117368.0,52.25436588
2025-07-26 15:00:00,Bitstamp:BTCUSD,117375.0,118236.0,117375.0,117846.0,135.52525938
2025-07-26 19:00:00,Bitstamp:BTCUSD,117846.0,118270.0,117831.0,118167.0,119.28883383
2025-07-26 23:00:00,Bitstamp:BTCUSD,118167.0,118340.0,118001.0,118276.0,56.9778515
2025-07-27 03:00:00,Bitstamp:BTCUSD,118276.0,118312.0,117944.0,117962.0,91.94797114
2025-07-27 07:00:00,Bitstamp:BTCUSD,117983.0,118397.0,117888.0,118243.0,82.55783042
2025-07-27 11:00:00,Bitstamp:BTCUSD,118249.0,118479.0,118142.0,118164.0,43.53838444
2025-07-27 15:00:00,Bitstamp:BTCUSD,118164.0,118327.0,117916.0,118136.0,71.3688544
2025-07-27 19:00:00,Bitstamp:BTCUSD,118135.0,118636.0,117958.0,118626.0,98.81045781
2025-07-27 23:00:00,Bitstamp:BTCUSD,118626.0,119579.0,118626.0,119008.0,177.32018574
2025-07-28 03:00:00,Bitstamp:BTCUSD,118994.0,119798.0,118783.0,119469.0,105.97906243
2025-07-28 07:00:00,Bitstamp:BTCUSD,119514.0,119826.0,119010.0,119300.0,150.56250347
2025-07-28 11:00:00,Bitstamp:BTCUSD,119305.0,119698.0,118783.0,118902.0,123.20358457
2025-07-28 15:00:00,Bitstamp:BTCUSD,118901.0,119121.0,118498.0,118836.0,66.75340047
2025-07-28 19:00:00,Bitstamp:BTCUSD,118836.0,119096.0,117900.0,118167.0,337.01170365
2025-07-28 23:00:00,Bitstamp:BTCUSD,118163.0,118378.0,117400.0,118065.0,234.23583132
2025-07-29 03:00:00,Bitstamp:BTCUSD,118065.0,118327.0,117503.0,118051.0,150.58471138
2025-07-29 07:00:00,Bitstamp:BTCUSD,118068.0,118782.0,117464.0,118735.0,131.30441597
2025-07-29 11:00:00,Bitstamp:BTCUSD,118744.0,119267.0,118426.0,118898.0,75.47000078
2025-07-29 15:00:00,Bitstamp:BTCUSD,118892.0,119056.0,118186.0,118581.0,90.16147228
2025-07-29 19:00:00,Bitstamp:BTCUSD,118582.0,119053.0,117238.0,117397.0,274.68360459
2025-07-29 23:00:00,Bitstamp:BTCUSD,117396.0,118026.0,116928.0,117481.0,332.63392618
2025-07-30 03:00:00,Bitstamp:BTCUSD,117486.0,117958.0,117051.0,117926.0,252.39598245
2025-07-30 07:00:00,Bitstamp:BTCUSD,117926.0,118241.0,117421.0,118144.0,108.20169177
2025-07-30 11:00:00,Bitstamp:BTCUSD,118162.0,118383.0,117689.0,118113.0,80.41835371
2025-07-30 15:00:00,Bitstamp:BTCUSD,118113.0,118454.0,117379.0,117557.0,124.10943024
2025-07-30 19:00:00,Bitstamp:BTCUSD,117560.0,118775.0,117365.0,117984.0,256.62509025
2025-07-30 23:00:00,Bitstamp:BTCUSD,117984.0,118034.0,115784.0,116932.0,392.10552784
2025-07-31 03:00:00,Bitstamp:BTCUSD,116887.0,117900.0,116876.0,117834.0,82.05697801
2025-07-31 07:00:00,Bitstamp:BTCUSD,117833.0,118582.0,117777.0,118439.0,135.55064985
2025-07-31 11:00:00,Bitstamp:BTCUSD,118455.0,118904.0,118284.0,118674.0,80.14199491
2025-07-31 15:00:00,Bitstamp:BTCUSD,118675.0,118750.0,118286.0,118347.0,72.3591559
2025-07-31 19:00:00,Bitstamp:BTCUSD,118346.0,118654.0,117811.0,118290.0,307.46443047
2025-07-31 23:00:00,Bitstamp:BTCUSD,118290.0,118867.0,116739.0,116767.0,241.74848352
2025-08-01 03:00:00,Bitstamp:BTCUSD,116760.0,116967.0,115512.0,115750.0,185.43971931
2025-08-01 07:00:00,Bitstamp:BTCUSD,115749.0,116054.0,114322.0,115643.0,351.44286832
2025-08-01 11:00:00,Bitstamp:BTCUSD,115638.0,115882.0,114621.0,115063.0,151.14555476
2025-08-01 15:00:00,Bitstamp:BTCUSD,115055.0,115055.0,114428.0,114764.0,10.71768629
