datetime,symbol,open,high,low,close,volume
2025-02-16 03:00:00,Bitstamp:ETHUSD,2692.1,2705.1,2679.4,2693.8,499.40467126
2025-02-16 07:00:00,Bitstamp:ETHUSD,2693.7,2706.0,2687.9,2698.9,275.84361564
2025-02-16 11:00:00,Bitstamp:ETHUSD,2698.9,2725.7,2691.2,2695.5,413.04695092
2025-02-16 15:00:00,Bitstamp:ETHUSD,2695.8,2713.4,2689.8,2711.4,262.26784578
2025-02-16 19:00:00,Bitstamp:ETHUSD,2711.4,2712.5,2677.9,2694.5,490.06561249
2025-02-16 23:00:00,Bitstamp:ETHUSD,2694.3,2703.6,2660.1,2684.1,439.96246648
2025-02-17 03:00:00,Bitstamp:ETHUSD,2683.0,2689.0,2653.4,2661.6,704.72389487
2025-02-17 07:00:00,Bitstamp:ETHUSD,2660.8,2683.6,2658.3,2672.0,400.81442453
2025-02-17 11:00:00,Bitstamp:ETHUSD,2672.0,2695.1,2638.5,2682.1,798.73585276
2025-02-17 15:00:00,Bitstamp:ETHUSD,2681.7,2774.3,2676.6,2755.2,1615.18171889
2025-02-17 19:00:00,Bitstamp:ETHUSD,2755.2,2849.5,2746.6,2755.8,2879.75013141
2025-02-17 23:00:00,Bitstamp:ETHUSD,2755.3,2764.7,2687.3,2718.0,2257.89776499
2025-02-18 03:00:00,Bitstamp:ETHUSD,2717.8,2778.5,2716.2,2743.6,1550.98688231
2025-02-18 07:00:00,Bitstamp:ETHUSD,2743.6,2756.1,2708.0,2711.7,1891.81825905
2025-02-18 11:00:00,Bitstamp:ETHUSD,2711.7,2717.3,2652.6,2671.8,3070.39497194
2025-02-18 15:00:00,Bitstamp:ETHUSD,2672.0,2704.7,2653.8,2679.4,1536.76984576
2025-02-18 19:00:00,Bitstamp:ETHUSD,2678.8,2730.8,2659.8,2673.1,2111.95312433
2025-02-18 23:00:00,Bitstamp:ETHUSD,2672.9,2683.0,2605.0,2628.3,3548.89524309
2025-02-19 03:00:00,Bitstamp:ETHUSD,2628.7,2670.9,2617.2,2670.1,1725.77298157
2025-02-19 07:00:00,Bitstamp:ETHUSD,2670.1,2698.2,2655.5,2692.8,811.44587077
2025-02-19 11:00:00,Bitstamp:ETHUSD,2692.8,2715.3,2663.7,2707.9,706.1941798
2025-02-19 15:00:00,Bitstamp:ETHUSD,2707.5,2735.9,2704.2,2726.6,2084.52898639
2025-02-19 19:00:00,Bitstamp:ETHUSD,2726.7,2730.7,2678.9,2696.2,1357.76471319
2025-02-19 23:00:00,Bitstamp:ETHUSD,2696.2,2722.9,2694.2,2711.4,2098.54622435
2025-02-20 03:00:00,Bitstamp:ETHUSD,2711.5,2733.6,2706.1,2715.4,1228.64942967
2025-02-20 07:00:00,Bitstamp:ETHUSD,2715.4,2750.3,2710.0,2741.7,451.78394649
2025-02-20 11:00:00,Bitstamp:ETHUSD,2741.5,2757.1,2722.6,2730.3,527.81046143
2025-02-20 15:00:00,Bitstamp:ETHUSD,2730.3,2746.3,2725.2,2741.0,546.94248803
2025-02-20 19:00:00,Bitstamp:ETHUSD,2740.9,2770.2,2709.1,2712.3,1178.84226116
2025-02-20 23:00:00,Bitstamp:ETHUSD,2712.5,2768.5,2707.9,2748.3,2141.47665927
2025-02-21 03:00:00,Bitstamp:ETHUSD,2748.6,2762.0,2722.7,2738.5,759.14243286
2025-02-21 07:00:00,Bitstamp:ETHUSD,2738.6,2748.6,2726.6,2744.0,148.00610391
2025-02-21 11:00:00,Bitstamp:ETHUSD,2745.7,2770.7,2745.3,2756.3,510.10463185
2025-02-21 15:00:00,Bitstamp:ETHUSD,2756.4,2830.6,2748.5,2789.6,2152.24280789
2025-02-21 19:00:00,Bitstamp:ETHUSD,2789.3,2844.6,2678.4,2723.3,4010.17125754
2025-02-21 23:00:00,Bitstamp:ETHUSD,2724.1,2769.7,2624.6,2639.4,6918.47250101
2025-02-22 03:00:00,Bitstamp:ETHUSD,2638.0,2662.1,2614.9,2660.5,12573.5405406
2025-02-22 07:00:00,Bitstamp:ETHUSD,2661.1,2688.5,2652.4,2675.7,4555.6147378
2025-02-22 11:00:00,Bitstamp:ETHUSD,2673.3,2696.1,2672.6,2683.9,622.17145451
2025-02-22 15:00:00,Bitstamp:ETHUSD,2684.1,2751.5,2676.7,2732.4,2016.34014511
2025-02-22 19:00:00,Bitstamp:ETHUSD,2732.5,2785.3,2721.9,2775.4,1917.72116144
2025-02-22 23:00:00,Bitstamp:ETHUSD,2775.1,2797.7,2756.9,2769.9,2390.38661084
2025-02-23 03:00:00,Bitstamp:ETHUSD,2769.9,2777.7,2759.6,2763.4,963.82630945
2025-02-23 07:00:00,Bitstamp:ETHUSD,2763.4,2775.7,2746.0,2753.2,817.09960426
2025-02-23 11:00:00,Bitstamp:ETHUSD,2753.1,2829.9,2746.7,2825.5,1186.79844138
2025-02-23 15:00:00,Bitstamp:ETHUSD,2825.7,2831.7,2784.7,2796.7,995.15371426
2025-02-23 19:00:00,Bitstamp:ETHUSD,2796.7,2827.1,2774.7,2783.3,2024.39440882
2025-02-23 23:00:00,Bitstamp:ETHUSD,2783.1,2823.9,2782.2,2807.9,1593.24436128
2025-02-24 03:00:00,Bitstamp:ETHUSD,2807.9,2865.0,2785.5,2819.1,2340.4385972
2025-02-24 07:00:00,Bitstamp:ETHUSD,2819.4,2838.8,2713.7,2719.0,1864.01245598
2025-02-24 11:00:00,Bitstamp:ETHUSD,2715.3,2735.7,2692.2,2722.5,2861.72841584
2025-02-24 15:00:00,Bitstamp:ETHUSD,2722.5,2722.5,2663.7,2689.3,1664.00337039
2025-02-24 19:00:00,Bitstamp:ETHUSD,2688.9,2696.1,2637.2,2657.9,2911.48022052
2025-02-24 23:00:00,Bitstamp:ETHUSD,2658.1,2681.9,2621.1,2640.9,4308.79180157
2025-02-25 03:00:00,Bitstamp:ETHUSD,2641.8,2663.1,2472.9,2513.2,7399.42478378
2025-02-25 07:00:00,Bitstamp:ETHUSD,2513.3,2529.5,2459.2,2494.3,4261.02480455
2025-02-25 11:00:00,Bitstamp:ETHUSD,2491.5,2511.8,2317.4,2369.5,7825.96321449
2025-02-25 15:00:00,Bitstamp:ETHUSD,2368.3,2437.1,2357.6,2432.3,4801.30489544
2025-02-25 19:00:00,Bitstamp:ETHUSD,2432.3,2448.3,2360.6,2406.3,2219.52246126
2025-02-25 23:00:00,Bitstamp:ETHUSD,2406.9,2469.9,2381.1,2468.0,20790.75143603
2025-02-26 03:00:00,Bitstamp:ETHUSD,2468.8,2530.5,2454.6,2491.9,6662.73894438
2025-02-26 07:00:00,Bitstamp:ETHUSD,2492.6,2503.6,2469.1,2488.1,1155.26577661
2025-02-26 11:00:00,Bitstamp:ETHUSD,2487.9,2503.6,2472.8,2481.3,876.81936376
2025-02-26 15:00:00,Bitstamp:ETHUSD,2481.2,2493.6,2457.3,2462.9,1030.10983629
2025-02-26 19:00:00,Bitstamp:ETHUSD,2463.0,2465.2,2368.7,2425.7,1469.90376177
2025-02-26 23:00:00,Bitstamp:ETHUSD,2425.8,2431.0,2268.4,2293.2,2515.57230442
2025-02-27 03:00:00,Bitstamp:ETHUSD,2293.7,2379.4,2253.0,2332.2,2357.73092081
2025-02-27 07:00:00,Bitstamp:ETHUSD,2333.5,2365.2,2314.1,2330.1,661.68621467
2025-02-27 11:00:00,Bitstamp:ETHUSD,2329.3,2370.0,2301.3,2353.8,1346.72398081
2025-02-27 15:00:00,Bitstamp:ETHUSD,2354.1,2378.6,2341.5,2351.8,1341.09653538
2025-02-27 19:00:00,Bitstamp:ETHUSD,2351.8,2359.0,2289.8,2321.7,1090.66294197
2025-02-27 23:00:00,Bitstamp:ETHUSD,2321.7,2335.4,2276.4,2289.0,1458.66464577
2025-02-28 03:00:00,Bitstamp:ETHUSD,2289.0,2308.6,2229.0,2305.3,2095.90645395
2025-02-28 07:00:00,Bitstamp:ETHUSD,2305.4,2312.0,2124.5,2143.8,2298.45570626
2025-02-28 11:00:00,Bitstamp:ETHUSD,2145.1,2153.4,2076.3,2103.8,2891.00648873
2025-02-28 15:00:00,Bitstamp:ETHUSD,2103.7,2148.5,2074.0,2124.9,2004.25935388
2025-02-28 19:00:00,Bitstamp:ETHUSD,2124.4,2228.0,2103.7,2222.6,15126.52734893
2025-02-28 23:00:00,Bitstamp:ETHUSD,2222.4,2252.6,2193.2,2230.1,6801.17732425
2025-03-01 03:00:00,Bitstamp:ETHUSD,2229.6,2238.3,2198.5,2235.8,2345.83151715
2025-03-01 07:00:00,Bitstamp:ETHUSD,2236.8,2273.9,2212.3,2261.9,810.7061354
2025-03-01 11:00:00,Bitstamp:ETHUSD,2261.9,2279.8,2223.3,2227.6,1570.63042514
2025-03-01 15:00:00,Bitstamp:ETHUSD,2228.1,2238.9,2171.3,2182.9,2066.41187867
2025-03-01 19:00:00,Bitstamp:ETHUSD,2183.2,2186.1,2143.4,2172.3,887.38879166
2025-03-01 23:00:00,Bitstamp:ETHUSD,2172.3,2232.3,2168.5,2222.0,869.61569846
2025-03-02 03:00:00,Bitstamp:ETHUSD,2222.2,2234.1,2190.3,2216.5,767.79558901
2025-03-02 07:00:00,Bitstamp:ETHUSD,2215.5,2229.7,2200.4,2219.2,521.58776672
2025-03-02 11:00:00,Bitstamp:ETHUSD,2219.6,2234.1,2217.6,2221.5,361.69064613
2025-03-02 15:00:00,Bitstamp:ETHUSD,2220.3,2259.0,2207.1,2238.9,1431.52617536
2025-03-02 19:00:00,Bitstamp:ETHUSD,2237.9,2288.7,2172.5,2228.8,7555.89323491
2025-03-02 23:00:00,Bitstamp:ETHUSD,2229.7,2519.6,2212.7,2486.6,14803.10255286
2025-03-03 03:00:00,Bitstamp:ETHUSD,2485.9,2551.4,2480.6,2518.1,5881.35106731
2025-03-03 07:00:00,Bitstamp:ETHUSD,2518.3,2523.2,2419.3,2439.7,767.77962409
2025-03-03 11:00:00,Bitstamp:ETHUSD,2440.1,2456.0,2352.7,2387.5,2903.59288692
2025-03-03 15:00:00,Bitstamp:ETHUSD,2386.5,2386.8,2322.4,2355.3,2390.15650985
2025-03-03 19:00:00,Bitstamp:ETHUSD,2354.5,2388.8,2269.5,2288.3,3095.90256758
2025-03-03 23:00:00,Bitstamp:ETHUSD,2288.7,2294.9,2093.1,2108.3,4108.50826657
2025-03-04 03:00:00,Bitstamp:ETHUSD,2108.0,2171.3,2096.7,2147.5,5141.32526999
2025-03-04 07:00:00,Bitstamp:ETHUSD,2146.9,2165.0,2000.0,2073.8,2718.45297229
2025-03-04 11:00:00,Bitstamp:ETHUSD,2073.8,2118.1,2067.9,2078.9,7634.69385858
2025-03-04 15:00:00,Bitstamp:ETHUSD,2078.7,2116.7,2069.9,2100.7,1577.15584695
2025-03-04 19:00:00,Bitstamp:ETHUSD,2099.2,2155.5,2025.0,2072.5,12898.36715439
2025-03-04 23:00:00,Bitstamp:ETHUSD,2071.7,2175.3,1990.6,2171.9,8598.84063453
2025-03-05 03:00:00,Bitstamp:ETHUSD,2172.5,2221.5,2126.4,2171.0,9644.27390706
2025-03-05 07:00:00,Bitstamp:ETHUSD,2170.1,2192.0,2155.2,2159.6,2007.71800151
2025-03-05 11:00:00,Bitstamp:ETHUSD,2160.4,2212.3,2157.7,2206.7,1851.81146169
2025-03-05 15:00:00,Bitstamp:ETHUSD,2206.3,2272.2,2204.2,2217.8,5045.3189696
2025-03-05 19:00:00,Bitstamp:ETHUSD,2217.8,2232.4,2166.9,2186.5,1734.65655859
2025-03-05 23:00:00,Bitstamp:ETHUSD,2186.0,2221.6,2162.4,2219.0,3767.09772503
2025-03-06 03:00:00,Bitstamp:ETHUSD,2217.8,2252.5,2213.8,2241.5,596.45759775
2025-03-06 07:00:00,Bitstamp:ETHUSD,2240.8,2294.5,2234.5,2289.9,565.84787587
2025-03-06 11:00:00,Bitstamp:ETHUSD,2289.5,2320.2,2276.5,2286.2,1509.87725487
2025-03-06 15:00:00,Bitstamp:ETHUSD,2285.7,2305.5,2279.9,2297.9,1098.45191887
2025-03-06 19:00:00,Bitstamp:ETHUSD,2298.2,2298.6,2210.3,2257.9,2762.27378754
2025-03-06 23:00:00,Bitstamp:ETHUSD,2258.1,2265.4,2176.9,2197.7,2423.6217057
2025-03-07 03:00:00,Bitstamp:ETHUSD,2197.9,2228.7,2192.3,2202.5,2010.63189643
2025-03-07 07:00:00,Bitstamp:ETHUSD,2203.5,2225.7,2103.0,2147.0,1716.56651318
2025-03-07 11:00:00,Bitstamp:ETHUSD,2147.5,2192.6,2145.9,2191.6,2246.01178136
2025-03-07 15:00:00,Bitstamp:ETHUSD,2192.2,2210.6,2177.7,2196.7,844.78743605
2025-03-07 19:00:00,Bitstamp:ETHUSD,2198.3,2258.0,2167.6,2209.3,5018.82595725
2025-03-07 23:00:00,Bitstamp:ETHUSD,2209.0,2214.5,2139.7,2177.3,1724.02853083
2025-03-08 03:00:00,Bitstamp:ETHUSD,2176.4,2187.5,2116.8,2140.8,1230.95782346
2025-03-08 07:00:00,Bitstamp:ETHUSD,2138.1,2154.7,2108.3,2137.6,413.5283808
2025-03-08 11:00:00,Bitstamp:ETHUSD,2137.0,2151.6,2130.8,2137.2,1126.62407132
2025-03-08 15:00:00,Bitstamp:ETHUSD,2136.5,2142.2,2126.7,2140.9,311.25307933
2025-03-08 19:00:00,Bitstamp:ETHUSD,2142.4,2195.7,2138.0,2180.5,1512.34076382
2025-03-08 23:00:00,Bitstamp:ETHUSD,2180.8,2231.7,2161.3,2223.9,1945.60143914
2025-03-09 03:00:00,Bitstamp:ETHUSD,2223.9,2225.2,2193.3,2203.0,465.5500828
2025-03-09 07:00:00,Bitstamp:ETHUSD,2203.0,2211.2,2175.7,2185.3,196.44185206
2025-03-09 11:00:00,Bitstamp:ETHUSD,2185.4,2196.4,2172.4,2184.4,116.99351119
2025-03-09 15:00:00,Bitstamp:ETHUSD,2183.5,2187.1,2128.3,2146.5,923.86883444
2025-03-09 19:00:00,Bitstamp:ETHUSD,2146.5,2146.5,2086.2,2097.0,1842.94496853
2025-03-09 23:00:00,Bitstamp:ETHUSD,2097.2,2108.5,1997.3,2039.1,9526.69279903
2025-03-10 03:00:00,Bitstamp:ETHUSD,2039.8,2055.9,1985.4,2019.6,6151.22534953
2025-03-10 07:00:00,Bitstamp:ETHUSD,2020.1,2068.2,1997.8,2057.1,1334.1708487
2025-03-10 11:00:00,Bitstamp:ETHUSD,2058.2,2078.6,2054.4,2075.6,2226.15002079
2025-03-10 15:00:00,Bitstamp:ETHUSD,2076.1,2147.1,2049.2,2127.2,1942.86066986
2025-03-10 19:00:00,Bitstamp:ETHUSD,2128.2,2135.0,1995.9,2018.9,8159.75523167
2025-03-10 23:00:00,Bitstamp:ETHUSD,2018.2,2024.3,1810.0,1870.1,13529.0060513
2025-03-11 03:00:00,Bitstamp:ETHUSD,1868.1,1901.6,1842.6,1864.3,19693.20326007
2025-03-11 07:00:00,Bitstamp:ETHUSD,1865.7,1889.6,1754.2,1849.2,6858.10549167
2025-03-11 11:00:00,Bitstamp:ETHUSD,1849.0,1912.7,1846.7,1904.2,1072.6938087
2025-03-11 15:00:00,Bitstamp:ETHUSD,1903.2,1928.2,1899.8,1913.7,2301.83943723
2025-03-11 19:00:00,Bitstamp:ETHUSD,1914.2,1955.9,1841.6,1913.1,4530.67552409
2025-03-11 23:00:00,Bitstamp:ETHUSD,1912.0,1961.8,1886.0,1950.7,2866.11530098
2025-03-12 03:00:00,Bitstamp:ETHUSD,1952.0,1953.9,1917.1,1922.2,631.44139552
2025-03-12 07:00:00,Bitstamp:ETHUSD,1923.0,1931.6,1866.9,1868.4,811.02195981
2025-03-12 11:00:00,Bitstamp:ETHUSD,1868.3,1915.8,1852.3,1910.5,1101.69977466
2025-03-12 15:00:00,Bitstamp:ETHUSD,1910.7,1955.7,1871.4,1916.2,4378.60171207
2025-03-12 19:00:00,Bitstamp:ETHUSD,1916.3,1944.4,1829.3,1869.5,4846.84180284
2025-03-12 23:00:00,Bitstamp:ETHUSD,1869.4,1894.1,1863.8,1878.5,1065.02026342
2025-03-13 03:00:00,Bitstamp:ETHUSD,1878.0,1914.5,1873.7,1908.0,1420.61499732
2025-03-13 07:00:00,Bitstamp:ETHUSD,1908.0,1915.9,1883.4,1886.6,830.16805826
2025-03-13 11:00:00,Bitstamp:ETHUSD,1886.5,1890.7,1859.7,1872.1,2381.30107055
2025-03-13 15:00:00,Bitstamp:ETHUSD,1871.8,1904.9,1855.0,1899.5,3146.13180155
2025-03-13 19:00:00,Bitstamp:ETHUSD,1900.0,1918.7,1864.5,1875.1,2130.19448874
2025-03-13 23:00:00,Bitstamp:ETHUSD,1874.3,1877.7,1822.3,1850.7,3419.87210546
2025-03-14 03:00:00,Bitstamp:ETHUSD,1850.5,1882.7,1839.4,1863.7,1083.0541655
2025-03-14 07:00:00,Bitstamp:ETHUSD,1864.0,1893.7,1860.9,1888.8,736.24456435
2025-03-14 11:00:00,Bitstamp:ETHUSD,1889.3,1905.2,1887.6,1892.7,434.05146029
2025-03-14 15:00:00,Bitstamp:ETHUSD,1892.8,1908.3,1889.4,1902.7,1011.85476082
2025-03-14 19:00:00,Bitstamp:ETHUSD,1902.6,1942.1,1825.4,1921.6,4460.76659
2025-03-14 23:00:00,Bitstamp:ETHUSD,1923.6,1945.5,1914.7,1934.6,3886.40192664
2025-03-15 03:00:00,Bitstamp:ETHUSD,1934.5,1935.3,1908.5,1911.7,856.31840265
2025-03-15 07:00:00,Bitstamp:ETHUSD,1911.6,1923.2,1903.8,1920.3,540.29673106
2025-03-15 11:00:00,Bitstamp:ETHUSD,1921.1,1935.2,1915.2,1917.7,467.54551543
2025-03-15 15:00:00,Bitstamp:ETHUSD,1917.8,1932.1,1912.9,1929.3,441.35100251
2025-03-15 19:00:00,Bitstamp:ETHUSD,1929.1,1939.6,1922.7,1937.2,237.28417181
2025-03-15 23:00:00,Bitstamp:ETHUSD,1938.4,1946.6,1928.9,1937.4,469.75440386
2025-03-16 03:00:00,Bitstamp:ETHUSD,1938.4,1956.6,1936.5,1937.4,693.39260844
2025-03-16 07:00:00,Bitstamp:ETHUSD,1937.4,1941.0,1917.0,1927.9,320.97938171
2025-03-16 11:00:00,Bitstamp:ETHUSD,1927.6,1933.7,1922.0,1926.0,222.35833864
2025-03-16 15:00:00,Bitstamp:ETHUSD,1925.9,1927.2,1867.7,1874.1,390.65567276
2025-03-16 19:00:00,Bitstamp:ETHUSD,1875.0,1898.3,1874.9,1895.3,848.35387561
2025-03-16 23:00:00,Bitstamp:ETHUSD,1893.6,1922.4,1862.2,1881.9,1555.21065439
2025-03-17 03:00:00,Bitstamp:ETHUSD,1883.2,1896.9,1870.9,1887.5,1121.89194283
2025-03-17 07:00:00,Bitstamp:ETHUSD,1887.0,1915.2,1886.4,1908.8,1055.70347126
2025-03-17 11:00:00,Bitstamp:ETHUSD,1909.0,1912.7,1880.0,1900.8,416.00791871
2025-03-17 15:00:00,Bitstamp:ETHUSD,1900.6,1917.2,1893.3,1910.4,383.18103038
2025-03-17 19:00:00,Bitstamp:ETHUSD,1909.8,1939.5,1888.4,1918.7,1730.2179009
2025-03-17 23:00:00,Bitstamp:ETHUSD,1919.0,1951.9,1908.1,1941.8,2368.94962744
2025-03-18 03:00:00,Bitstamp:ETHUSD,1942.1,1949.8,1922.1,1926.4,1141.16212248
2025-03-18 07:00:00,Bitstamp:ETHUSD,1926.4,1930.1,1897.0,1901.4,846.13343286
2025-03-18 11:00:00,Bitstamp:ETHUSD,1900.9,1909.5,1894.3,1904.9,194.2158125
2025-03-18 15:00:00,Bitstamp:ETHUSD,1905.1,1912.3,1887.0,1892.9,412.23874096
2025-03-18 19:00:00,Bitstamp:ETHUSD,1894.2,1902.8,1873.2,1880.6,2059.81946628
2025-03-18 23:00:00,Bitstamp:ETHUSD,1882.3,1908.2,1873.2,1903.9,2036.27115819
2025-03-19 03:00:00,Bitstamp:ETHUSD,1904.1,1935.7,1898.1,1931.2,1048.14130498
2025-03-19 07:00:00,Bitstamp:ETHUSD,1931.2,1948.3,1927.8,1937.9,450.24436144
2025-03-19 11:00:00,Bitstamp:ETHUSD,1938.1,1942.8,1930.2,1931.5,257.53058484
2025-03-19 15:00:00,Bitstamp:ETHUSD,1931.8,2033.1,1931.8,2028.3,3544.80589997
2025-03-19 19:00:00,Bitstamp:ETHUSD,2027.7,2056.3,1996.6,2049.4,3220.49357428
2025-03-19 23:00:00,Bitstamp:ETHUSD,2049.7,2062.6,1996.9,2030.1,3238.52251132
2025-03-20 03:00:00,Bitstamp:ETHUSD,2031.6,2070.5,2029.0,2056.8,2506.41300965
2025-03-20 07:00:00,Bitstamp:ETHUSD,2058.2,2067.9,2021.0,2023.1,2108.83057327
2025-03-20 11:00:00,Bitstamp:ETHUSD,2023.1,2025.6,2005.3,2007.7,409.86123316
2025-03-20 15:00:00,Bitstamp:ETHUSD,2009.2,2021.2,1972.0,1988.7,754.90479965
2025-03-20 19:00:00,Bitstamp:ETHUSD,1988.3,2010.3,1966.0,1971.6,1653.05557843
2025-03-20 23:00:00,Bitstamp:ETHUSD,1974.8,1978.2,1952.1,1973.7,1564.75496626
2025-03-21 03:00:00,Bitstamp:ETHUSD,1973.6,1984.1,1970.4,1982.6,1132.19723114
2025-03-21 07:00:00,Bitstamp:ETHUSD,1982.6,1995.4,1973.3,1977.6,873.79592287
2025-03-21 11:00:00,Bitstamp:ETHUSD,1977.6,1989.2,1966.0,1975.7,351.99423295
2025-03-21 15:00:00,Bitstamp:ETHUSD,1975.8,1981.3,1956.3,1966.4,996.37319394
2025-03-21 19:00:00,Bitstamp:ETHUSD,1965.7,1972.3,1935.6,1949.6,3278.23076533
2025-03-21 23:00:00,Bitstamp:ETHUSD,1949.5,1977.0,1945.8,1973.3,937.90244072
2025-03-22 03:00:00,Bitstamp:ETHUSD,1973.9,1982.3,1961.7,1965.2,411.06569465
2025-03-22 07:00:00,Bitstamp:ETHUSD,1965.2,1986.6,1964.1,1985.3,409.51037526
2025-03-22 11:00:00,Bitstamp:ETHUSD,1985.5,1992.1,1982.7,1983.6,303.45376731
2025-03-22 15:00:00,Bitstamp:ETHUSD,1983.5,2005.3,1981.1,1989.7,765.06942406
2025-03-22 19:00:00,Bitstamp:ETHUSD,1989.8,1997.0,1981.1,1985.8,221.8363116
2025-03-22 23:00:00,Bitstamp:ETHUSD,1985.9,1998.0,1982.0,1995.7,331.79144614
2025-03-23 03:00:00,Bitstamp:ETHUSD,1995.7,2003.2,1975.0,1980.6,302.87688606
2025-03-23 07:00:00,Bitstamp:ETHUSD,1979.8,2008.0,1976.8,2008.0,351.38092517
2025-03-23 11:00:00,Bitstamp:ETHUSD,2008.0,2018.6,1992.5,2007.6,1028.85414261
2025-03-23 15:00:00,Bitstamp:ETHUSD,2009.1,2019.5,2003.3,2006.7,290.12611353
2025-03-23 19:00:00,Bitstamp:ETHUSD,2009.1,2020.0,2003.4,2007.0,309.1839907
2025-03-23 23:00:00,Bitstamp:ETHUSD,2007.0,2007.9,1987.8,1996.1,496.43030254
2025-03-24 03:00:00,Bitstamp:ETHUSD,1996.1,2006.1,1980.8,2005.9,1037.52691751
2025-03-24 07:00:00,Bitstamp:ETHUSD,2003.7,2020.7,1978.4,2014.7,392.46232786
2025-03-24 11:00:00,Bitstamp:ETHUSD,2017.0,2076.9,2014.9,2070.2,2314.57985918
2025-03-24 15:00:00,Bitstamp:ETHUSD,2069.0,2103.3,2069.0,2091.7,1176.82599547
2025-03-24 19:00:00,Bitstamp:ETHUSD,2094.6,2101.7,2073.9,2090.4,845.23443129
2025-03-24 23:00:00,Bitstamp:ETHUSD,2089.3,2101.4,2068.3,2090.4,1904.10415131
2025-03-25 03:00:00,Bitstamp:ETHUSD,2090.6,2095.1,2069.7,2081.1,583.2751467
2025-03-25 07:00:00,Bitstamp:ETHUSD,2081.5,2095.1,2042.2,2043.9,512.95248021
2025-03-25 11:00:00,Bitstamp:ETHUSD,2042.7,2066.6,2037.9,2055.8,796.45002919
2025-03-25 15:00:00,Bitstamp:ETHUSD,2055.7,2075.1,2053.6,2068.7,1006.61170477
2025-03-25 19:00:00,Bitstamp:ETHUSD,2068.8,2080.0,2052.9,2067.6,1441.15575898
2025-03-25 23:00:00,Bitstamp:ETHUSD,2068.8,2083.2,2057.5,2077.0,1050.4733519
2025-03-26 03:00:00,Bitstamp:ETHUSD,2076.1,2082.3,2054.6,2066.5,1057.60599251
2025-03-26 07:00:00,Bitstamp:ETHUSD,2066.8,2078.8,2043.1,2049.4,1206.49102537
2025-03-26 11:00:00,Bitstamp:ETHUSD,2048.9,2071.9,2048.8,2070.0,943.22449046
2025-03-26 15:00:00,Bitstamp:ETHUSD,2069.9,2076.5,2058.4,2069.9,550.07581086
2025-03-26 19:00:00,Bitstamp:ETHUSD,2069.0,2071.1,2007.4,2012.7,3199.47604092
2025-03-26 23:00:00,Bitstamp:ETHUSD,2010.6,2022.1,1981.5,1999.1,1507.63150921
2025-03-27 03:00:00,Bitstamp:ETHUSD,1999.4,2017.1,1996.3,2009.6,583.37810256
2025-03-27 07:00:00,Bitstamp:ETHUSD,2009.6,2037.1,2007.1,2031.2,739.86426286
2025-03-27 11:00:00,Bitstamp:ETHUSD,2033.2,2033.2,2021.9,2026.7,209.47921513
2025-03-27 15:00:00,Bitstamp:ETHUSD,2026.6,2036.1,2012.8,2016.4,380.89930872
2025-03-27 19:00:00,Bitstamp:ETHUSD,2016.4,2026.0,1987.7,2004.9,3335.48217899
2025-03-27 23:00:00,Bitstamp:ETHUSD,2004.9,2014.7,1994.2,2003.1,2724.65634877
2025-03-28 03:00:00,Bitstamp:ETHUSD,2004.2,2019.5,1999.4,2003.2,948.59445154
2025-03-28 07:00:00,Bitstamp:ETHUSD,2003.1,2015.7,1991.9,2000.1,917.93548331
2025-03-28 11:00:00,Bitstamp:ETHUSD,1999.5,2004.3,1903.4,1909.2,3747.25749483
2025-03-28 15:00:00,Bitstamp:ETHUSD,1909.2,1923.3,1859.2,1900.1,3522.05233144
2025-03-28 19:00:00,Bitstamp:ETHUSD,1899.9,1902.2,1870.5,1872.4,4704.54377342
2025-03-28 23:00:00,Bitstamp:ETHUSD,1871.2,1885.9,1861.8,1872.5,1034.52882838
2025-03-29 03:00:00,Bitstamp:ETHUSD,1872.7,1901.1,1872.7,1896.0,1072.28234915
2025-03-29 07:00:00,Bitstamp:ETHUSD,1896.1,1911.9,1886.9,1899.2,364.57664293
2025-03-29 11:00:00,Bitstamp:ETHUSD,1899.0,1904.2,1876.1,1879.9,225.68617251
2025-03-29 15:00:00,Bitstamp:ETHUSD,1879.8,1886.1,1833.9,1843.2,927.95238028
2025-03-29 19:00:00,Bitstamp:ETHUSD,1843.2,1862.1,1833.5,1838.3,903.69578974
2025-03-29 23:00:00,Bitstamp:ETHUSD,1839.3,1847.6,1777.0,1827.5,1358.39843861
2025-03-30 03:00:00,Bitstamp:ETHUSD,1826.0,1829.9,1811.1,1827.2,606.57853386
2025-03-30 07:00:00,Bitstamp:ETHUSD,1827.8,1844.0,1812.5,1833.9,416.40592652
2025-03-30 11:00:00,Bitstamp:ETHUSD,1834.2,1846.1,1833.1,1836.2,133.40586468
2025-03-30 15:00:00,Bitstamp:ETHUSD,1837.8,1847.9,1827.2,1832.9,248.95384912
2025-03-30 19:00:00,Bitstamp:ETHUSD,1833.2,1838.9,1788.5,1813.6,942.10845647
2025-03-30 23:00:00,Bitstamp:ETHUSD,1813.1,1832.9,1785.9,1813.8,1907.32127624
2025-03-31 03:00:00,Bitstamp:ETHUSD,1813.9,1820.4,1768.1,1806.7,1058.27972524
2025-03-31 07:00:00,Bitstamp:ETHUSD,1807.3,1822.2,1778.5,1797.9,585.90158927
2025-03-31 11:00:00,Bitstamp:ETHUSD,1798.2,1813.2,1790.2,1797.9,1083.69410129
2025-03-31 15:00:00,Bitstamp:ETHUSD,1799.6,1818.8,1777.9,1813.2,1864.04234584
2025-03-31 19:00:00,Bitstamp:ETHUSD,1813.2,1852.7,1795.5,1842.2,1432.27292305
2025-03-31 23:00:00,Bitstamp:ETHUSD,1842.3,1847.1,1817.5,1826.9,1008.89488866
2025-04-01 03:00:00,Bitstamp:ETHUSD,1827.0,1834.4,1816.2,1821.8,703.47598683
2025-04-01 07:00:00,Bitstamp:ETHUSD,1821.0,1840.8,1817.9,1834.5,462.80167514
2025-04-01 11:00:00,Bitstamp:ETHUSD,1834.5,1866.4,1832.0,1854.0,467.83715698
2025-04-01 15:00:00,Bitstamp:ETHUSD,1854.1,1891.2,1854.0,1862.2,2272.76322712
2025-04-01 19:00:00,Bitstamp:ETHUSD,1862.2,1927.3,1842.8,1918.4,7344.7022408
2025-04-01 23:00:00,Bitstamp:ETHUSD,1918.6,1924.1,1902.1,1909.0,1266.77845445
2025-04-02 03:00:00,Bitstamp:ETHUSD,1910.4,1922.5,1897.9,1905.6,4283.46522575
2025-04-02 07:00:00,Bitstamp:ETHUSD,1905.1,1907.8,1872.4,1876.1,713.88559126
2025-04-02 11:00:00,Bitstamp:ETHUSD,1876.3,1883.0,1852.5,1865.4,1504.68325358
2025-04-02 15:00:00,Bitstamp:ETHUSD,1865.2,1887.5,1862.8,1868.3,1463.49982749
2025-04-02 19:00:00,Bitstamp:ETHUSD,1868.5,1918.4,1854.7,1899.1,8154.87725866
2025-04-02 23:00:00,Bitstamp:ETHUSD,1901.7,1916.0,1883.4,1912.0,2394.72543078
2025-04-03 03:00:00,Bitstamp:ETHUSD,1911.8,1952.9,1782.4,1795.4,3808.05788624
2025-04-03 07:00:00,Bitstamp:ETHUSD,1794.7,1832.8,1788.8,1824.0,1247.4211953
2025-04-03 11:00:00,Bitstamp:ETHUSD,1824.5,1841.1,1807.6,1815.3,1133.53467392
2025-04-03 15:00:00,Bitstamp:ETHUSD,1814.8,1823.9,1787.7,1795.5,783.92522497
2025-04-03 19:00:00,Bitstamp:ETHUSD,1794.3,1800.0,1750.0,1781.9,2635.54292575
2025-04-03 23:00:00,Bitstamp:ETHUSD,1781.7,1797.0,1767.6,1784.1,1071.30525903
2025-04-04 03:00:00,Bitstamp:ETHUSD,1785.7,1820.3,1779.8,1815.5,3786.1956934
2025-04-04 07:00:00,Bitstamp:ETHUSD,1816.7,1821.8,1771.4,1792.3,340.48384382
2025-04-04 11:00:00,Bitstamp:ETHUSD,1792.7,1821.1,1783.3,1817.6,451.20760966
2025-04-04 15:00:00,Bitstamp:ETHUSD,1818.8,1834.5,1758.8,1781.2,1158.31343518
2025-04-04 19:00:00,Bitstamp:ETHUSD,1780.7,1820.8,1770.1,1794.5,1199.61903538
2025-04-04 23:00:00,Bitstamp:ETHUSD,1795.9,1828.4,1782.7,1810.0,1002.10512983
2025-04-05 03:00:00,Bitstamp:ETHUSD,1809.7,1826.8,1807.0,1815.7,725.69508888
2025-04-05 07:00:00,Bitstamp:ETHUSD,1816.5,1826.3,1808.7,1809.4,256.77845993
2025-04-05 11:00:00,Bitstamp:ETHUSD,1809.4,1814.9,1803.6,1812.2,130.10382808
2025-04-05 15:00:00,Bitstamp:ETHUSD,1812.3,1821.4,1806.3,1806.9,287.96411256
2025-04-05 19:00:00,Bitstamp:ETHUSD,1806.7,1807.8,1777.7,1781.4,512.64935926
2025-04-05 23:00:00,Bitstamp:ETHUSD,1781.6,1794.4,1779.1,1780.4,575.36559393
2025-04-06 03:00:00,Bitstamp:ETHUSD,1782.2,1809.1,1763.1,1805.4,673.76646125
2025-04-06 07:00:00,Bitstamp:ETHUSD,1805.0,1815.7,1801.5,1808.3,203.48108948
2025-04-06 11:00:00,Bitstamp:ETHUSD,1808.7,1812.5,1791.2,1796.9,190.20594898
2025-04-06 15:00:00,Bitstamp:ETHUSD,1797.0,1797.0,1782.8,1789.0,257.26309126
2025-04-06 19:00:00,Bitstamp:ETHUSD,1788.5,1791.1,1723.6,1759.0,1394.1066744
2025-04-06 23:00:00,Bitstamp:ETHUSD,1758.8,1759.5,1601.2,1625.7,10877.52726256
2025-04-07 03:00:00,Bitstamp:ETHUSD,1624.7,1629.3,1538.0,1579.2,18269.19856541
2025-04-07 07:00:00,Bitstamp:ETHUSD,1580.0,1612.7,1522.2,1542.4,1361.03667308
2025-04-07 11:00:00,Bitstamp:ETHUSD,1544.2,1559.5,1411.2,1458.9,4263.58972916
2025-04-07 15:00:00,Bitstamp:ETHUSD,1460.6,1518.5,1455.5,1482.2,5157.30746234
2025-04-07 19:00:00,Bitstamp:ETHUSD,1482.6,1636.7,1477.6,1556.2,7426.54855562
2025-04-07 23:00:00,Bitstamp:ETHUSD,1555.3,1570.9,1526.0,1544.1,2640.93490761
2025-04-08 03:00:00,Bitstamp:ETHUSD,1544.9,1584.5,1544.8,1551.0,3393.02452927
2025-04-08 07:00:00,Bitstamp:ETHUSD,1552.2,1617.5,1541.0,1584.4,1126.49493081
2025-04-08 11:00:00,Bitstamp:ETHUSD,1585.6,1601.7,1562.0,1570.5,3557.43833698
2025-04-08 15:00:00,Bitstamp:ETHUSD,1570.4,1589.4,1554.2,1588.1,5430.25430806
2025-04-08 19:00:00,Bitstamp:ETHUSD,1589.2,1592.4,1518.3,1530.9,3494.30674387
2025-04-08 23:00:00,Bitstamp:ETHUSD,1531.1,1532.3,1454.1,1465.3,3007.02743504
2025-04-09 03:00:00,Bitstamp:ETHUSD,1464.9,1484.7,1432.0,1471.9,1708.0894885
2025-04-09 07:00:00,Bitstamp:ETHUSD,1472.3,1480.4,1385.7,1417.3,3088.46369627
2025-04-09 11:00:00,Bitstamp:ETHUSD,1417.1,1491.2,1414.3,1483.0,1729.53282901
2025-04-09 15:00:00,Bitstamp:ETHUSD,1482.9,1495.5,1444.9,1454.4,1909.06755369
2025-04-09 19:00:00,Bitstamp:ETHUSD,1454.6,1498.7,1440.9,1484.0,2083.88783756
2025-04-09 23:00:00,Bitstamp:ETHUSD,1483.9,1670.5,1481.7,1640.3,5484.14624081
2025-04-10 03:00:00,Bitstamp:ETHUSD,1641.0,1687.2,1641.0,1668.9,2120.49105441
2025-04-10 07:00:00,Bitstamp:ETHUSD,1668.9,1668.9,1601.8,1615.7,859.86323495
2025-04-10 11:00:00,Bitstamp:ETHUSD,1615.6,1624.8,1585.2,1594.4,1521.80271419
2025-04-10 15:00:00,Bitstamp:ETHUSD,1594.9,1606.1,1581.7,1595.2,986.21555523
2025-04-10 19:00:00,Bitstamp:ETHUSD,1592.7,1624.9,1484.3,1496.0,5018.55260382
2025-04-10 23:00:00,Bitstamp:ETHUSD,1494.9,1530.5,1473.0,1514.8,2018.97994092
2025-04-11 03:00:00,Bitstamp:ETHUSD,1516.3,1532.5,1514.2,1521.6,858.95519508
2025-04-11 07:00:00,Bitstamp:ETHUSD,1521.1,1548.5,1505.2,1543.6,961.90027484
2025-04-11 11:00:00,Bitstamp:ETHUSD,1545.1,1560.8,1539.9,1552.1,1107.82691989
2025-04-11 15:00:00,Bitstamp:ETHUSD,1552.4,1583.2,1539.8,1557.3,2143.99546609
2025-04-11 19:00:00,Bitstamp:ETHUSD,1558.2,1579.0,1541.3,1564.2,2066.69437468
2025-04-11 23:00:00,Bitstamp:ETHUSD,1564.5,1590.1,1556.5,1565.5,1011.27243587
2025-04-12 03:00:00,Bitstamp:ETHUSD,1564.0,1586.5,1558.5,1567.2,1053.22472876
2025-04-12 07:00:00,Bitstamp:ETHUSD,1566.3,1568.9,1545.9,1553.4,695.93569002
2025-04-12 11:00:00,Bitstamp:ETHUSD,1553.4,1584.3,1549.9,1581.2,702.11824267
2025-04-12 15:00:00,Bitstamp:ETHUSD,1581.4,1605.0,1580.6,1593.2,1238.50856957
2025-04-12 19:00:00,Bitstamp:ETHUSD,1593.2,1668.5,1590.2,1654.9,2643.77709283
2025-04-12 23:00:00,Bitstamp:ETHUSD,1655.0,1660.9,1628.1,1642.5,2131.97072541
2025-04-13 03:00:00,Bitstamp:ETHUSD,1642.6,1659.4,1641.0,1643.9,787.23601327
2025-04-13 07:00:00,Bitstamp:ETHUSD,1643.9,1648.8,1605.5,1623.7,795.60553536
2025-04-13 11:00:00,Bitstamp:ETHUSD,1624.0,1624.0,1597.5,1614.1,1023.36732217
2025-04-13 15:00:00,Bitstamp:ETHUSD,1613.1,1627.0,1593.7,1603.9,1113.14810264
2025-04-13 19:00:00,Bitstamp:ETHUSD,1603.9,1608.0,1565.5,1586.5,1015.90782085
2025-04-13 23:00:00,Bitstamp:ETHUSD,1585.9,1647.2,1563.1,1589.6,2055.96158989
2025-04-14 03:00:00,Bitstamp:ETHUSD,1588.9,1614.8,1572.7,1596.8,1209.29775813
2025-04-14 07:00:00,Bitstamp:ETHUSD,1597.2,1659.6,1595.2,1629.2,1447.08665797
2025-04-14 11:00:00,Bitstamp:ETHUSD,1629.2,1641.3,1613.2,1635.0,1183.83234032
2025-04-14 15:00:00,Bitstamp:ETHUSD,1635.3,1690.5,1629.3,1675.0,1479.93888496
2025-04-14 19:00:00,Bitstamp:ETHUSD,1675.1,1689.3,1621.2,1627.9,2192.85916362
2025-04-14 23:00:00,Bitstamp:ETHUSD,1627.7,1650.9,1616.0,1636.2,3071.24510473
2025-04-15 03:00:00,Bitstamp:ETHUSD,1637.2,1638.1,1608.3,1623.7,861.49528026
2025-04-15 07:00:00,Bitstamp:ETHUSD,1623.6,1643.4,1615.0,1637.7,519.9201018
2025-04-15 11:00:00,Bitstamp:ETHUSD,1637.2,1647.9,1632.4,1644.9,426.20197295
2025-04-15 15:00:00,Bitstamp:ETHUSD,1644.7,1651.3,1622.6,1632.6,776.48252008
2025-04-15 19:00:00,Bitstamp:ETHUSD,1631.8,1660.7,1603.2,1620.3,1451.28930087
2025-04-15 23:00:00,Bitstamp:ETHUSD,1620.4,1627.2,1597.4,1607.9,873.79426994
2025-04-16 03:00:00,Bitstamp:ETHUSD,1607.9,1614.0,1585.0,1588.9,1448.51501084
2025-04-16 07:00:00,Bitstamp:ETHUSD,1588.8,1603.2,1577.5,1591.4,473.6528288
2025-04-16 11:00:00,Bitstamp:ETHUSD,1590.3,1593.2,1555.5,1563.4,1400.16242095
2025-04-16 15:00:00,Bitstamp:ETHUSD,1564.2,1585.5,1557.4,1583.5,545.24294208
2025-04-16 19:00:00,Bitstamp:ETHUSD,1584.0,1613.2,1567.2,1590.1,2349.37089636
2025-04-16 23:00:00,Bitstamp:ETHUSD,1591.2,1612.1,1539.4,1589.2,3704.65804539
2025-04-17 03:00:00,Bitstamp:ETHUSD,1587.9,1598.1,1570.3,1576.9,490.31577523
2025-04-17 07:00:00,Bitstamp:ETHUSD,1577.2,1595.2,1575.7,1584.9,449.16024139
2025-04-17 11:00:00,Bitstamp:ETHUSD,1585.0,1610.4,1581.4,1601.9,693.3512832
2025-04-17 15:00:00,Bitstamp:ETHUSD,1601.8,1604.5,1588.9,1593.2,899.4085244
2025-04-17 19:00:00,Bitstamp:ETHUSD,1593.7,1602.8,1564.2,1582.9,1663.35864899
2025-04-17 23:00:00,Bitstamp:ETHUSD,1583.0,1616.0,1577.6,1581.9,1595.42980512
2025-04-18 03:00:00,Bitstamp:ETHUSD,1582.4,1591.9,1579.3,1583.9,455.0419081
2025-04-18 07:00:00,Bitstamp:ETHUSD,1584.0,1589.1,1577.8,1584.7,132.58925457
2025-04-18 11:00:00,Bitstamp:ETHUSD,1584.4,1585.3,1574.0,1584.1,213.18315357
2025-04-18 15:00:00,Bitstamp:ETHUSD,1585.2,1592.2,1582.6,1590.1,266.49690768
2025-04-18 19:00:00,Bitstamp:ETHUSD,1591.3,1597.0,1579.3,1583.1,932.67094443
2025-04-18 23:00:00,Bitstamp:ETHUSD,1583.5,1595.0,1582.4,1592.0,474.83438601
2025-04-19 03:00:00,Bitstamp:ETHUSD,1593.3,1600.5,1587.0,1588.4,1333.27926711
2025-04-19 07:00:00,Bitstamp:ETHUSD,1588.4,1599.8,1585.0,1597.7,4682.74166132
2025-04-19 11:00:00,Bitstamp:ETHUSD,1597.9,1612.9,1595.3,1600.8,3083.58244782
2025-04-19 15:00:00,Bitstamp:ETHUSD,1600.9,1605.9,1594.2,1596.5,2494.95304898
2025-04-19 19:00:00,Bitstamp:ETHUSD,1596.6,1612.2,1594.9,1606.9,447.06580861
2025-04-19 23:00:00,Bitstamp:ETHUSD,1607.1,1630.1,1598.7,1614.6,571.72145889
2025-04-20 03:00:00,Bitstamp:ETHUSD,1615.4,1622.1,1611.1,1612.5,1043.05763375
2025-04-20 07:00:00,Bitstamp:ETHUSD,1612.8,1618.5,1608.0,1611.4,4724.91108772
2025-04-20 11:00:00,Bitstamp:ETHUSD,1611.4,1617.1,1588.3,1597.2,3109.26396838
2025-04-20 15:00:00,Bitstamp:ETHUSD,1597.2,1597.2,1565.7,1572.6,3155.40927478
2025-04-20 19:00:00,Bitstamp:ETHUSD,1572.5,1583.1,1571.1,1573.5,2292.29989462
2025-04-20 23:00:00,Bitstamp:ETHUSD,1573.4,1587.7,1571.7,1585.8,2558.8715104
2025-04-21 03:00:00,Bitstamp:ETHUSD,1586.0,1599.9,1574.9,1587.4,1351.22555954
2025-04-21 07:00:00,Bitstamp:ETHUSD,1587.4,1644.7,1586.4,1634.4,1730.11757528
2025-04-21 11:00:00,Bitstamp:ETHUSD,1636.2,1657.6,1631.5,1645.3,1824.41639258
2025-04-21 15:00:00,Bitstamp:ETHUSD,1646.2,1654.4,1618.2,1626.6,303.64902965
2025-04-21 19:00:00,Bitstamp:ETHUSD,1626.6,1641.6,1609.8,1623.6,1378.06518651
2025-04-21 23:00:00,Bitstamp:ETHUSD,1623.6,1626.4,1563.8,1574.7,3164.48344531
2025-04-22 03:00:00,Bitstamp:ETHUSD,1573.7,1580.9,1571.6,1579.6,2550.93692412
2025-04-22 07:00:00,Bitstamp:ETHUSD,1579.5,1593.6,1540.0,1579.6,1070.04502019
2025-04-22 11:00:00,Bitstamp:ETHUSD,1580.1,1623.2,1574.7,1619.3,1039.43074269
2025-04-22 15:00:00,Bitstamp:ETHUSD,1619.1,1636.9,1613.8,1631.4,3990.04791099
2025-04-22 19:00:00,Bitstamp:ETHUSD,1631.1,1726.5,1627.6,1702.3,4684.01214321
2025-04-22 23:00:00,Bitstamp:ETHUSD,1704.5,1711.6,1685.2,1700.2,8826.50219712
2025-04-23 03:00:00,Bitstamp:ETHUSD,1700.0,1777.9,1693.4,1756.7,3367.37161468
2025-04-23 07:00:00,Bitstamp:ETHUSD,1757.2,1807.5,1746.0,1795.8,1900.3373527
2025-04-23 11:00:00,Bitstamp:ETHUSD,1796.0,1818.0,1774.2,1792.1,10404.39245612
2025-04-23 15:00:00,Bitstamp:ETHUSD,1792.1,1811.4,1779.8,1797.6,2194.35125456
2025-04-23 19:00:00,Bitstamp:ETHUSD,1797.6,1835.0,1761.5,1794.9,3718.27976689
2025-04-23 23:00:00,Bitstamp:ETHUSD,1794.7,1810.2,1775.3,1786.9,1349.63758059
2025-04-24 03:00:00,Bitstamp:ETHUSD,1786.8,1807.5,1786.6,1796.0,2287.09283536
2025-04-24 07:00:00,Bitstamp:ETHUSD,1795.7,1802.9,1767.0,1769.6,766.97660985
2025-04-24 11:00:00,Bitstamp:ETHUSD,1768.3,1776.7,1752.1,1756.6,683.87645286
2025-04-24 15:00:00,Bitstamp:ETHUSD,1756.6,1760.8,1723.9,1755.0,1490.17027093
2025-04-24 19:00:00,Bitstamp:ETHUSD,1755.0,1778.4,1745.4,1765.4,2017.06182231
2025-04-24 23:00:00,Bitstamp:ETHUSD,1765.4,1778.3,1746.9,1763.6,2163.01884303
2025-04-25 03:00:00,Bitstamp:ETHUSD,1764.0,1775.5,1750.0,1770.1,991.93465056
2025-04-25 07:00:00,Bitstamp:ETHUSD,1770.5,1790.0,1740.0,1760.8,982.08460143
2025-04-25 11:00:00,Bitstamp:ETHUSD,1760.8,1782.6,1758.8,1778.0,578.30480269
2025-04-25 15:00:00,Bitstamp:ETHUSD,1778.1,1792.9,1765.5,1789.2,2465.09004842
2025-04-25 19:00:00,Bitstamp:ETHUSD,1791.9,1827.3,1759.1,1807.6,5703.91186877
2025-04-25 23:00:00,Bitstamp:ETHUSD,1807.6,1811.7,1783.9,1803.7,2251.05100381
2025-04-26 03:00:00,Bitstamp:ETHUSD,1803.9,1810.6,1785.3,1786.5,3882.96819243
2025-04-26 07:00:00,Bitstamp:ETHUSD,1785.7,1816.6,1785.6,1798.7,729.89390468
2025-04-26 11:00:00,Bitstamp:ETHUSD,1798.2,1811.6,1790.0,1801.5,397.72201258
2025-04-26 15:00:00,Bitstamp:ETHUSD,1801.2,1841.1,1780.4,1786.7,838.15444781
2025-04-26 19:00:00,Bitstamp:ETHUSD,1786.6,1804.0,1781.5,1801.0,763.88566042
2025-04-26 23:00:00,Bitstamp:ETHUSD,1800.7,1814.3,1796.6,1814.0,396.12148673
2025-04-27 03:00:00,Bitstamp:ETHUSD,1813.7,1830.7,1806.2,1821.0,502.61661512
2025-04-27 07:00:00,Bitstamp:ETHUSD,1821.1,1855.7,1802.3,1810.2,1238.30459921
2025-04-27 11:00:00,Bitstamp:ETHUSD,1809.9,1812.3,1791.3,1803.9,280.83737068
2025-04-27 15:00:00,Bitstamp:ETHUSD,1804.2,1815.1,1802.0,1807.0,247.56701065
2025-04-27 19:00:00,Bitstamp:ETHUSD,1806.8,1808.1,1783.9,1794.4,391.35428659
2025-04-27 23:00:00,Bitstamp:ETHUSD,1793.4,1808.8,1788.4,1808.8,347.67419207
2025-04-28 03:00:00,Bitstamp:ETHUSD,1808.7,1808.7,1785.7,1792.3,2136.23625468
2025-04-28 07:00:00,Bitstamp:ETHUSD,1791.9,1794.3,1753.8,1784.8,1856.60913627
2025-04-28 11:00:00,Bitstamp:ETHUSD,1784.8,1812.2,1784.8,1805.1,1333.88629757
2025-04-28 15:00:00,Bitstamp:ETHUSD,1805.6,1828.0,1789.9,1816.2,1363.49492249
2025-04-28 19:00:00,Bitstamp:ETHUSD,1816.8,1817.4,1753.8,1763.7,1748.08192757
2025-04-28 23:00:00,Bitstamp:ETHUSD,1763.4,1804.4,1746.8,1797.7,3126.13900495
2025-04-29 03:00:00,Bitstamp:ETHUSD,1797.5,1806.6,1781.7,1800.2,819.12424523
2025-04-29 07:00:00,Bitstamp:ETHUSD,1801.0,1811.5,1788.6,1802.2,761.28218705
2025-04-29 11:00:00,Bitstamp:ETHUSD,1802.2,1825.5,1788.9,1822.3,586.47407524
2025-04-29 15:00:00,Bitstamp:ETHUSD,1822.3,1842.6,1817.6,1830.2,1428.34215856
2025-04-29 19:00:00,Bitstamp:ETHUSD,1830.1,1833.6,1805.0,1815.4,2326.66065819
2025-04-29 23:00:00,Bitstamp:ETHUSD,1815.5,1832.7,1808.5,1821.6,1396.30746856
2025-04-30 03:00:00,Bitstamp:ETHUSD,1822.2,1826.3,1781.6,1798.9,1294.98079179
2025-04-30 07:00:00,Bitstamp:ETHUSD,1798.1,1813.1,1790.0,1808.8,492.21857022
2025-04-30 11:00:00,Bitstamp:ETHUSD,1809.4,1813.5,1791.7,1797.2,528.66032516
2025-04-30 15:00:00,Bitstamp:ETHUSD,1796.7,1816.9,1793.1,1816.1,808.17207811
2025-04-30 19:00:00,Bitstamp:ETHUSD,1815.1,1816.6,1733.2,1765.0,2594.54041436
2025-04-30 23:00:00,Bitstamp:ETHUSD,1764.3,1792.7,1756.9,1787.0,1518.49538397
2025-05-01 03:00:00,Bitstamp:ETHUSD,1787.0,1809.7,1785.0,1794.0,975.41277026
2025-05-01 07:00:00,Bitstamp:ETHUSD,1794.1,1819.0,1792.7,1808.5,841.22627332
2025-05-01 11:00:00,Bitstamp:ETHUSD,1808.1,1816.5,1803.1,1811.6,374.12314034
2025-05-01 15:00:00,Bitstamp:ETHUSD,1810.7,1858.2,1809.0,1845.7,1112.50967045
2025-05-01 19:00:00,Bitstamp:ETHUSD,1845.7,1873.2,1826.3,1853.7,2019.11715441
2025-05-01 23:00:00,Bitstamp:ETHUSD,1853.6,1871.1,1840.1,1845.6,738.2257404
2025-05-02 03:00:00,Bitstamp:ETHUSD,1844.6,1851.9,1834.8,1839.0,415.49300572
2025-05-02 07:00:00,Bitstamp:ETHUSD,1838.2,1851.6,1835.7,1848.1,462.91790617
2025-05-02 11:00:00,Bitstamp:ETHUSD,1849.2,1851.3,1817.2,1817.2,576.37619005
2025-05-02 15:00:00,Bitstamp:ETHUSD,1816.2,1836.2,1814.9,1832.6,278.08468759
2025-05-02 19:00:00,Bitstamp:ETHUSD,1833.8,1854.2,1824.7,1842.0,868.50765771
2025-05-02 23:00:00,Bitstamp:ETHUSD,1841.9,1870.0,1833.5,1840.7,832.1068619
2025-05-03 03:00:00,Bitstamp:ETHUSD,1839.0,1848.8,1833.9,1843.0,436.01080283
2025-05-03 07:00:00,Bitstamp:ETHUSD,1842.1,1843.5,1827.8,1835.6,191.92001047
2025-05-03 11:00:00,Bitstamp:ETHUSD,1835.6,1839.8,1825.4,1826.9,194.95923961
2025-05-03 15:00:00,Bitstamp:ETHUSD,1826.6,1830.9,1819.0,1824.7,237.06224143
2025-05-03 19:00:00,Bitstamp:ETHUSD,1825.0,1839.1,1824.8,1835.5,275.39293509
2025-05-03 23:00:00,Bitstamp:ETHUSD,1835.8,1839.4,1811.0,1838.5,328.3479766
2025-05-04 03:00:00,Bitstamp:ETHUSD,1839.4,1849.0,1831.8,1834.2,852.31009879
2025-05-04 07:00:00,Bitstamp:ETHUSD,1834.1,1848.8,1828.9,1834.7,245.62469498
2025-05-04 11:00:00,Bitstamp:ETHUSD,1832.4,1849.4,1831.0,1840.6,141.67021658
2025-05-04 15:00:00,Bitstamp:ETHUSD,1841.2,1841.5,1824.1,1828.4,200.40938595
2025-05-04 19:00:00,Bitstamp:ETHUSD,1827.6,1833.7,1819.9,1829.9,170.28460237
2025-05-04 23:00:00,Bitstamp:ETHUSD,1831.2,1833.4,1823.4,1829.0,106.5745891
2025-05-05 03:00:00,Bitstamp:ETHUSD,1828.9,1840.9,1803.9,1808.7,712.06433582
2025-05-05 07:00:00,Bitstamp:ETHUSD,1808.3,1818.0,1783.2,1794.7,577.367931
2025-05-05 11:00:00,Bitstamp:ETHUSD,1795.5,1828.2,1795.1,1826.9,279.48116567
2025-05-05 15:00:00,Bitstamp:ETHUSD,1826.2,1831.0,1798.7,1807.1,224.51912811
2025-05-05 19:00:00,Bitstamp:ETHUSD,1804.3,1815.1,1794.8,1801.1,488.95328667
2025-05-05 23:00:00,Bitstamp:ETHUSD,1801.3,1828.0,1800.8,1813.7,874.49626115
2025-05-06 03:00:00,Bitstamp:ETHUSD,1816.0,1832.6,1798.8,1820.2,510.16306559
2025-05-06 07:00:00,Bitstamp:ETHUSD,1820.1,1820.3,1793.9,1806.2,542.51369977
2025-05-06 11:00:00,Bitstamp:ETHUSD,1806.1,1808.8,1798.0,1806.2,224.79808233
2025-05-06 15:00:00,Bitstamp:ETHUSD,1804.8,1804.8,1758.2,1767.6,489.66621027
2025-05-06 19:00:00,Bitstamp:ETHUSD,1768.6,1779.5,1753.2,1769.1,871.26297198
2025-05-06 23:00:00,Bitstamp:ETHUSD,1769.6,1798.2,1761.8,1787.2,625.02965978
2025-05-07 03:00:00,Bitstamp:ETHUSD,1785.1,1819.5,1765.7,1816.4,674.88560113
2025-05-07 07:00:00,Bitstamp:ETHUSD,1816.8,1849.3,1814.7,1826.4,1155.73403169
2025-05-07 11:00:00,Bitstamp:ETHUSD,1826.5,1838.5,1824.6,1838.4,254.88117792
2025-05-07 15:00:00,Bitstamp:ETHUSD,1839.1,1847.2,1831.0,1836.0,831.09521848
2025-05-07 19:00:00,Bitstamp:ETHUSD,1836.8,1837.1,1815.3,1818.4,1144.38883734
2025-05-07 23:00:00,Bitstamp:ETHUSD,1817.9,1818.2,1788.0,1797.1,1837.81967077
2025-05-08 03:00:00,Bitstamp:ETHUSD,1796.2,1824.9,1789.9,1811.6,375.97448159
2025-05-08 07:00:00,Bitstamp:ETHUSD,1811.3,1906.1,1809.1,1900.8,1157.49316098
2025-05-08 11:00:00,Bitstamp:ETHUSD,1901.2,1943.7,1892.5,1928.5,3844.15267569
2025-05-08 15:00:00,Bitstamp:ETHUSD,1928.5,1967.9,1926.5,1958.2,2589.33084767
2025-05-08 19:00:00,Bitstamp:ETHUSD,1957.9,2075.0,1955.3,2051.2,4504.23932854
2025-05-08 23:00:00,Bitstamp:ETHUSD,2052.1,2138.0,2037.1,2117.4,3124.93558024
2025-05-09 03:00:00,Bitstamp:ETHUSD,2118.8,2225.0,2112.7,2208.4,6307.97265489
2025-05-09 07:00:00,Bitstamp:ETHUSD,2206.8,2244.2,2184.6,2204.3,1695.60291107
2025-05-09 11:00:00,Bitstamp:ETHUSD,2206.7,2392.3,2202.3,2363.8,5048.72733179
2025-05-09 15:00:00,Bitstamp:ETHUSD,2363.6,2489.2,2297.0,2350.4,7076.16554029
2025-05-09 19:00:00,Bitstamp:ETHUSD,2350.9,2388.6,2274.3,2301.2,4778.92384508
2025-05-09 23:00:00,Bitstamp:ETHUSD,2301.4,2355.0,2276.7,2332.4,3629.95164651
2025-05-10 03:00:00,Bitstamp:ETHUSD,2332.4,2350.8,2323.3,2344.8,995.57590274
2025-05-10 07:00:00,Bitstamp:ETHUSD,2344.7,2380.0,2317.9,2340.5,361.0696362
2025-05-10 11:00:00,Bitstamp:ETHUSD,2339.7,2418.1,2327.8,2400.3,1237.99865435
2025-05-10 15:00:00,Bitstamp:ETHUSD,2401.2,2435.0,2366.2,2385.2,2348.94364779
2025-05-10 19:00:00,Bitstamp:ETHUSD,2385.2,2447.9,2385.2,2435.4,1068.98484497
2025-05-10 23:00:00,Bitstamp:ETHUSD,2433.9,2512.8,2431.0,2498.8,4130.2922198
2025-05-11 03:00:00,Bitstamp:ETHUSD,2500.1,2600.0,2469.4,2585.2,2256.84128474
2025-05-11 07:00:00,Bitstamp:ETHUSD,2584.5,2606.5,2505.1,2538.4,2939.7130107
2025-05-11 11:00:00,Bitstamp:ETHUSD,2537.4,2561.2,2455.3,2473.4,1476.42467937
2025-05-11 15:00:00,Bitstamp:ETHUSD,2473.7,2535.3,2473.7,2531.8,1228.58209813
2025-05-11 19:00:00,Bitstamp:ETHUSD,2532.3,2532.3,2437.1,2462.3,984.13295925
2025-05-11 23:00:00,Bitstamp:ETHUSD,2462.8,2524.5,2440.9,2508.7,1049.56714177
2025-05-12 03:00:00,Bitstamp:ETHUSD,2509.0,2528.3,2485.1,2512.7,570.02238973
2025-05-12 07:00:00,Bitstamp:ETHUSD,2514.6,2548.5,2493.1,2520.4,1155.09281298
2025-05-12 11:00:00,Bitstamp:ETHUSD,2520.6,2624.5,2487.9,2553.7,5881.64718809
2025-05-12 15:00:00,Bitstamp:ETHUSD,2555.2,2585.1,2524.2,2530.8,992.78574432
2025-05-12 19:00:00,Bitstamp:ETHUSD,2529.4,2575.3,2475.3,2487.8,2216.40405082
2025-05-12 23:00:00,Bitstamp:ETHUSD,2486.9,2510.2,2407.5,2461.5,2745.18890755
2025-05-13 03:00:00,Bitstamp:ETHUSD,2460.9,2499.8,2452.9,2495.5,944.34660149
2025-05-13 07:00:00,Bitstamp:ETHUSD,2495.5,2496.0,2415.9,2425.6,744.94293014
2025-05-13 11:00:00,Bitstamp:ETHUSD,2424.3,2478.8,2420.2,2460.5,1022.34692624
2025-05-13 15:00:00,Bitstamp:ETHUSD,2461.4,2525.4,2451.7,2513.5,1330.71058585
2025-05-13 19:00:00,Bitstamp:ETHUSD,2514.8,2575.0,2492.5,2567.8,4676.72619097
2025-05-13 23:00:00,Bitstamp:ETHUSD,2566.6,2738.9,2560.7,2692.0,6182.3627099
2025-05-14 03:00:00,Bitstamp:ETHUSD,2692.6,2705.7,2659.1,2680.3,1802.68722961
2025-05-14 07:00:00,Bitstamp:ETHUSD,2679.5,2720.0,2623.8,2647.0,1663.18609411
2025-05-14 11:00:00,Bitstamp:ETHUSD,2647.0,2686.1,2636.5,2643.4,1233.52004865
2025-05-14 15:00:00,Bitstamp:ETHUSD,2640.6,2644.2,2579.5,2624.9,720.76114532
2025-05-14 19:00:00,Bitstamp:ETHUSD,2624.9,2635.2,2560.9,2597.6,1472.74808147
2025-05-14 23:00:00,Bitstamp:ETHUSD,2598.0,2615.2,2549.0,2604.1,810.3021819
2025-05-15 03:00:00,Bitstamp:ETHUSD,2605.3,2614.0,2585.1,2610.2,336.25067545
2025-05-15 07:00:00,Bitstamp:ETHUSD,2610.1,2646.0,2568.4,2575.9,602.34029623
2025-05-15 11:00:00,Bitstamp:ETHUSD,2575.2,2596.4,2516.7,2530.1,1216.80158336
2025-05-15 15:00:00,Bitstamp:ETHUSD,2529.1,2567.2,2518.7,2555.0,984.59781427
2025-05-15 19:00:00,Bitstamp:ETHUSD,2555.9,2579.5,2478.8,2566.3,1572.10469424
2025-05-15 23:00:00,Bitstamp:ETHUSD,2568.3,2604.4,2514.9,2530.3,2273.90386495
2025-05-16 03:00:00,Bitstamp:ETHUSD,2530.5,2564.1,2512.7,2548.7,1558.68843701
2025-05-16 07:00:00,Bitstamp:ETHUSD,2549.9,2583.4,2535.3,2582.5,1933.44180571
2025-05-16 11:00:00,Bitstamp:ETHUSD,2581.5,2619.2,2564.8,2602.1,1096.72278722
2025-05-16 15:00:00,Bitstamp:ETHUSD,2602.0,2649.0,2559.9,2621.9,1159.48418029
2025-05-16 19:00:00,Bitstamp:ETHUSD,2621.9,2623.2,2574.9,2595.6,4001.42546931
2025-05-16 23:00:00,Bitstamp:ETHUSD,2595.5,2602.2,2571.1,2593.5,924.21474752
2025-05-17 03:00:00,Bitstamp:ETHUSD,2591.1,2593.4,2530.4,2536.5,1539.07088544
2025-05-17 07:00:00,Bitstamp:ETHUSD,2537.4,2537.4,2454.3,2497.2,1431.83718816
2025-05-17 11:00:00,Bitstamp:ETHUSD,2495.6,2512.7,2477.2,2493.0,508.59691323
2025-05-17 15:00:00,Bitstamp:ETHUSD,2493.3,2496.6,2469.0,2482.5,618.22786475
2025-05-17 19:00:00,Bitstamp:ETHUSD,2482.8,2487.2,2447.5,2475.3,791.05267128
2025-05-17 23:00:00,Bitstamp:ETHUSD,2476.8,2489.5,2450.0,2471.0,979.82476812
2025-05-18 03:00:00,Bitstamp:ETHUSD,2471.4,2496.6,2456.3,2476.2,1002.94298677
2025-05-18 07:00:00,Bitstamp:ETHUSD,2477.2,2488.3,2469.5,2477.9,525.03912899
2025-05-18 11:00:00,Bitstamp:ETHUSD,2478.5,2515.0,2478.3,2509.9,674.34826141
2025-05-18 15:00:00,Bitstamp:ETHUSD,2512.7,2528.6,2499.1,2502.1,425.29122823
2025-05-18 19:00:00,Bitstamp:ETHUSD,2501.9,2587.7,2490.0,2578.7,1298.2283515
2025-05-18 23:00:00,Bitstamp:ETHUSD,2580.2,2584.5,2405.2,2410.5,3032.80441304
2025-05-19 03:00:00,Bitstamp:ETHUSD,2408.9,2511.1,2325.0,2499.6,5400.0180064
2025-05-19 07:00:00,Bitstamp:ETHUSD,2499.4,2509.0,2380.8,2386.7,4661.66672197
2025-05-19 11:00:00,Bitstamp:ETHUSD,2386.8,2413.8,2349.5,2404.2,6377.69130039
2025-05-19 15:00:00,Bitstamp:ETHUSD,2404.4,2422.7,2391.0,2417.9,1417.50528302
2025-05-19 19:00:00,Bitstamp:ETHUSD,2418.2,2473.9,2386.0,2469.6,1799.09987577
2025-05-19 23:00:00,Bitstamp:ETHUSD,2467.7,2547.3,2452.6,2522.7,2586.51833722
2025-05-20 03:00:00,Bitstamp:ETHUSD,2520.2,2534.4,2493.8,2529.2,1035.97700325
2025-05-20 07:00:00,Bitstamp:ETHUSD,2528.6,2587.9,2511.8,2552.8,1830.78863007
2025-05-20 11:00:00,Bitstamp:ETHUSD,2553.7,2577.4,2523.3,2532.6,1684.16757054
2025-05-20 15:00:00,Bitstamp:ETHUSD,2532.6,2539.6,2494.3,2516.6,1451.02885512
2025-05-20 19:00:00,Bitstamp:ETHUSD,2514.7,2514.7,2466.1,2483.0,2108.00174286
2025-05-20 23:00:00,Bitstamp:ETHUSD,2483.5,2511.5,2442.4,2505.0,1997.76222242
2025-05-21 03:00:00,Bitstamp:ETHUSD,2500.2,2541.2,2487.9,2524.6,1396.85389491
2025-05-21 07:00:00,Bitstamp:ETHUSD,2525.7,2555.5,2510.2,2546.1,732.37301143
2025-05-21 11:00:00,Bitstamp:ETHUSD,2546.1,2615.4,2536.1,2553.2,4821.60221275
2025-05-21 15:00:00,Bitstamp:ETHUSD,2554.7,2562.5,2517.5,2537.8,876.24744818
2025-05-21 19:00:00,Bitstamp:ETHUSD,2537.9,2582.4,2523.3,2568.3,2583.15944827
2025-05-21 23:00:00,Bitstamp:ETHUSD,2569.2,2616.2,2454.0,2514.4,5848.99905828
2025-05-22 03:00:00,Bitstamp:ETHUSD,2513.8,2598.6,2489.1,2552.1,1978.94050447
2025-05-22 07:00:00,Bitstamp:ETHUSD,2552.4,2647.9,2547.3,2630.5,1921.6790115
2025-05-22 11:00:00,Bitstamp:ETHUSD,2629.8,2646.8,2603.2,2634.6,2518.4308683
2025-05-22 15:00:00,Bitstamp:ETHUSD,2634.6,2692.2,2629.2,2652.8,1392.07202691
2025-05-22 19:00:00,Bitstamp:ETHUSD,2652.5,2680.0,2625.1,2662.8,1800.36254161
2025-05-22 23:00:00,Bitstamp:ETHUSD,2666.0,2676.9,2628.6,2634.2,810.12113245
2025-05-23 03:00:00,Bitstamp:ETHUSD,2636.3,2666.5,2628.8,2665.8,778.48602562
2025-05-23 07:00:00,Bitstamp:ETHUSD,2663.3,2734.0,2646.0,2722.7,2843.58408583
2025-05-23 11:00:00,Bitstamp:ETHUSD,2722.0,2725.0,2651.5,2654.8,4549.02126931
2025-05-23 15:00:00,Bitstamp:ETHUSD,2654.8,2688.1,2551.2,2562.7,3241.94703385
2025-05-23 19:00:00,Bitstamp:ETHUSD,2566.0,2593.6,2500.0,2569.7,4449.36683383
2025-05-23 23:00:00,Bitstamp:ETHUSD,2569.1,2587.5,2548.3,2561.4,2003.15329493
2025-05-24 03:00:00,Bitstamp:ETHUSD,2560.8,2563.1,2504.7,2527.0,1276.65146585
2025-05-24 07:00:00,Bitstamp:ETHUSD,2526.6,2556.8,2515.8,2550.3,1125.46575182
2025-05-24 11:00:00,Bitstamp:ETHUSD,2550.6,2564.0,2537.7,2546.4,272.81790828
2025-05-24 15:00:00,Bitstamp:ETHUSD,2548.5,2576.5,2546.1,2564.0,632.98880255
2025-05-24 19:00:00,Bitstamp:ETHUSD,2563.4,2565.6,2545.4,2555.3,609.37957442
2025-05-24 23:00:00,Bitstamp:ETHUSD,2555.4,2567.3,2545.5,2555.6,366.70931814
2025-05-25 03:00:00,Bitstamp:ETHUSD,2555.6,2557.6,2519.8,2531.1,610.80042284
2025-05-25 07:00:00,Bitstamp:ETHUSD,2531.7,2540.0,2478.3,2514.2,1016.55686541
2025-05-25 11:00:00,Bitstamp:ETHUSD,2513.7,2519.5,2489.3,2494.3,600.29755027
2025-05-25 15:00:00,Bitstamp:ETHUSD,2495.2,2502.2,2465.4,2499.0,818.3297376
2025-05-25 19:00:00,Bitstamp:ETHUSD,2499.9,2525.1,2480.9,2512.4,990.0952528
2025-05-25 23:00:00,Bitstamp:ETHUSD,2511.5,2536.1,2497.7,2528.2,368.1179883
2025-05-26 03:00:00,Bitstamp:ETHUSD,2528.0,2555.5,2509.7,2552.3,817.89798248
2025-05-26 07:00:00,Bitstamp:ETHUSD,2553.4,2578.8,2540.9,2561.0,495.34492512
2025-05-26 11:00:00,Bitstamp:ETHUSD,2562.3,2600.6,2559.3,2582.2,1413.62865157
2025-05-26 15:00:00,Bitstamp:ETHUSD,2582.9,2582.9,2556.0,2568.7,567.94760863
2025-05-26 19:00:00,Bitstamp:ETHUSD,2570.3,2574.3,2541.5,2567.0,1285.05502706
2025-05-26 23:00:00,Bitstamp:ETHUSD,2567.7,2574.3,2526.7,2543.8,488.88018371
2025-05-27 03:00:00,Bitstamp:ETHUSD,2540.6,2583.7,2538.6,2564.8,325.63085683
2025-05-27 07:00:00,Bitstamp:ETHUSD,2564.6,2574.0,2512.0,2550.7,444.0033958
2025-05-27 11:00:00,Bitstamp:ETHUSD,2551.3,2619.9,2550.6,2607.3,2464.64066868
2025-05-27 15:00:00,Bitstamp:ETHUSD,2610.1,2655.7,2610.1,2652.5,1103.73373236
2025-05-27 19:00:00,Bitstamp:ETHUSD,2652.5,2684.0,2635.7,2670.9,2527.54804127
2025-05-27 23:00:00,Bitstamp:ETHUSD,2670.1,2713.8,2660.0,2688.8,3192.83587493
2025-05-28 03:00:00,Bitstamp:ETHUSD,2688.8,2694.3,2653.6,2662.2,1257.38920285
2025-05-28 07:00:00,Bitstamp:ETHUSD,2661.6,2663.1,2620.8,2646.6,1006.96041094
2025-05-28 11:00:00,Bitstamp:ETHUSD,2645.9,2653.2,2626.6,2637.1,251.35659275
2025-05-28 15:00:00,Bitstamp:ETHUSD,2638.1,2659.5,2611.7,2658.4,1060.06503403
2025-05-28 19:00:00,Bitstamp:ETHUSD,2659.7,2690.0,2615.0,2627.4,1231.48050644
2025-05-28 23:00:00,Bitstamp:ETHUSD,2629.4,2664.5,2617.4,2618.9,1773.89455205
2025-05-29 03:00:00,Bitstamp:ETHUSD,2618.8,2686.7,2613.4,2682.3,2259.34275843
2025-05-29 07:00:00,Bitstamp:ETHUSD,2682.5,2789.0,2672.3,2763.6,3049.80499205
2025-05-29 11:00:00,Bitstamp:ETHUSD,2763.5,2766.3,2704.3,2731.5,1411.6624906
2025-05-29 15:00:00,Bitstamp:ETHUSD,2733.9,2744.8,2710.3,2717.5,1783.47289247
2025-05-29 19:00:00,Bitstamp:ETHUSD,2715.7,2719.3,2624.0,2644.4,2131.75945979
2025-05-29 23:00:00,Bitstamp:ETHUSD,2644.6,2673.0,2629.9,2649.2,1401.73412386
2025-05-30 03:00:00,Bitstamp:ETHUSD,2651.6,2668.3,2619.6,2632.5,899.18046901
2025-05-30 07:00:00,Bitstamp:ETHUSD,2631.5,2644.6,2559.4,2631.6,2023.06711914
2025-05-30 11:00:00,Bitstamp:ETHUSD,2630.9,2648.0,2608.9,2619.4,1075.57734911
2025-05-30 15:00:00,Bitstamp:ETHUSD,2620.0,2628.9,2590.8,2622.8,854.21035828
2025-05-30 19:00:00,Bitstamp:ETHUSD,2623.0,2626.9,2573.7,2599.2,967.48153892
2025-05-30 23:00:00,Bitstamp:ETHUSD,2598.2,2604.9,2537.1,2574.7,748.71821042
2025-05-31 03:00:00,Bitstamp:ETHUSD,2574.8,2588.8,2510.0,2532.2,1340.46568925
2025-05-31 07:00:00,Bitstamp:ETHUSD,2531.0,2540.3,2479.7,2514.1,1708.29676795
2025-05-31 11:00:00,Bitstamp:ETHUSD,2512.4,2528.0,2505.7,2522.4,472.16965228
2025-05-31 15:00:00,Bitstamp:ETHUSD,2522.1,2538.6,2510.2,2520.7,689.35813857
2025-05-31 19:00:00,Bitstamp:ETHUSD,2520.3,2551.8,2518.2,2537.5,1071.84769058
2025-05-31 23:00:00,Bitstamp:ETHUSD,2537.6,2549.2,2525.4,2538.5,384.04047208
2025-06-01 03:00:00,Bitstamp:ETHUSD,2538.7,2550.7,2526.7,2529.4,619.07471447
2025-06-01 07:00:00,Bitstamp:ETHUSD,2529.4,2531.4,2494.6,2514.6,1052.00867862
2025-06-01 11:00:00,Bitstamp:ETHUSD,2514.8,2528.4,2507.8,2508.8,331.82074344
2025-06-01 15:00:00,Bitstamp:ETHUSD,2509.9,2511.8,2480.0,2498.5,588.73545092
2025-06-01 19:00:00,Bitstamp:ETHUSD,2498.3,2526.5,2464.5,2524.3,885.6500372
2025-06-01 23:00:00,Bitstamp:ETHUSD,2524.8,2548.6,2496.3,2527.7,1434.67768303
2025-06-02 03:00:00,Bitstamp:ETHUSD,2528.0,2548.6,2521.3,2539.2,631.90452879
2025-06-02 07:00:00,Bitstamp:ETHUSD,2540.3,2542.8,2486.8,2497.8,317.72316512
2025-06-02 11:00:00,Bitstamp:ETHUSD,2497.4,2514.3,2485.8,2507.9,581.93183162
2025-06-02 15:00:00,Bitstamp:ETHUSD,2507.7,2517.1,2476.6,2482.0,1336.32390457
2025-06-02 19:00:00,Bitstamp:ETHUSD,2481.7,2556.6,2479.1,2544.6,2170.22860535
2025-06-02 23:00:00,Bitstamp:ETHUSD,2545.5,2566.0,2527.7,2534.0,1326.83727848
2025-06-03 03:00:00,Bitstamp:ETHUSD,2533.4,2616.8,2533.4,2608.6,4940.36491561
2025-06-03 07:00:00,Bitstamp:ETHUSD,2608.9,2651.8,2591.1,2605.0,8948.22368433
2025-06-03 11:00:00,Bitstamp:ETHUSD,2605.1,2622.3,2591.9,2611.9,565.37193171
2025-06-03 15:00:00,Bitstamp:ETHUSD,2612.2,2621.5,2596.6,2603.5,448.48899505
2025-06-03 19:00:00,Bitstamp:ETHUSD,2604.1,2657.3,2599.7,2624.5,4128.2430557
2025-06-03 23:00:00,Bitstamp:ETHUSD,2625.5,2630.5,2605.1,2624.7,2920.75070264
2025-06-04 03:00:00,Bitstamp:ETHUSD,2625.2,2625.2,2581.6,2594.9,671.33530449
2025-06-04 07:00:00,Bitstamp:ETHUSD,2593.8,2643.2,2585.3,2629.3,1158.61007264
2025-06-04 11:00:00,Bitstamp:ETHUSD,2629.9,2646.1,2621.4,2629.2,710.29050928
2025-06-04 15:00:00,Bitstamp:ETHUSD,2629.2,2651.4,2626.0,2626.1,1109.6041741
2025-06-04 19:00:00,Bitstamp:ETHUSD,2626.4,2680.0,2595.7,2669.5,2106.49416759
2025-06-04 23:00:00,Bitstamp:ETHUSD,2670.1,2670.5,2624.0,2625.6,812.04066705
2025-06-05 03:00:00,Bitstamp:ETHUSD,2624.7,2626.4,2600.3,2609.0,570.32929007
2025-06-05 07:00:00,Bitstamp:ETHUSD,2609.1,2633.5,2603.2,2626.3,938.23214342
2025-06-05 11:00:00,Bitstamp:ETHUSD,2626.6,2635.0,2600.0,2604.6,2088.63981894
2025-06-05 15:00:00,Bitstamp:ETHUSD,2604.9,2614.5,2584.8,2609.4,4954.54562854
2025-06-05 19:00:00,Bitstamp:ETHUSD,2609.0,2643.0,2564.1,2590.4,2394.07766303
2025-06-05 23:00:00,Bitstamp:ETHUSD,2590.8,2592.1,2505.2,2529.4,2009.39192361
2025-06-06 03:00:00,Bitstamp:ETHUSD,2529.4,2534.9,2391.8,2415.5,6741.26881437
2025-06-06 07:00:00,Bitstamp:ETHUSD,2415.3,2457.7,2385.1,2456.6,5434.35732271
2025-06-06 11:00:00,Bitstamp:ETHUSD,2456.7,2468.9,2448.5,2456.2,1060.16397905
2025-06-06 15:00:00,Bitstamp:ETHUSD,2456.0,2493.8,2455.3,2477.5,1134.73937905
2025-06-06 19:00:00,Bitstamp:ETHUSD,2477.9,2531.9,2469.4,2511.5,1891.23238415
2025-06-06 23:00:00,Bitstamp:ETHUSD,2511.4,2519.9,2485.4,2485.6,2048.57088619
2025-06-07 03:00:00,Bitstamp:ETHUSD,2485.9,2508.3,2475.1,2478.1,737.84002504
2025-06-07 07:00:00,Bitstamp:ETHUSD,2478.3,2495.1,2458.9,2490.7,562.68926538
2025-06-07 11:00:00,Bitstamp:ETHUSD,2491.0,2503.0,2482.1,2492.9,597.50437243
2025-06-07 15:00:00,Bitstamp:ETHUSD,2493.1,2502.6,2483.9,2497.4,321.83784034
2025-06-07 19:00:00,Bitstamp:ETHUSD,2497.1,2524.0,2494.6,2520.9,1098.33140014
2025-06-07 23:00:00,Bitstamp:ETHUSD,2521.0,2527.3,2508.0,2518.6,530.70236133
2025-06-08 03:00:00,Bitstamp:ETHUSD,2518.6,2546.1,2518.6,2525.9,392.93586168
2025-06-08 07:00:00,Bitstamp:ETHUSD,2526.0,2527.1,2509.7,2512.9,404.72170959
2025-06-08 11:00:00,Bitstamp:ETHUSD,2512.6,2520.5,2509.8,2515.7,286.67096604
2025-06-08 15:00:00,Bitstamp:ETHUSD,2515.9,2522.3,2494.4,2514.7,622.23333509
2025-06-08 19:00:00,Bitstamp:ETHUSD,2515.1,2527.3,2501.8,2515.5,293.76857395
2025-06-08 23:00:00,Bitstamp:ETHUSD,2516.0,2541.2,2514.2,2533.9,390.76248313
2025-06-09 03:00:00,Bitstamp:ETHUSD,2533.7,2549.0,2502.0,2510.7,1019.45268259
2025-06-09 07:00:00,Bitstamp:ETHUSD,2510.1,2511.8,2483.7,2498.0,554.24059335
2025-06-09 11:00:00,Bitstamp:ETHUSD,2497.9,2498.3,2479.0,2493.0,219.47916385
2025-06-09 15:00:00,Bitstamp:ETHUSD,2493.2,2548.2,2486.1,2542.8,701.01743677
2025-06-09 19:00:00,Bitstamp:ETHUSD,2543.0,2549.6,2511.7,2535.5,1395.33921951
2025-06-09 23:00:00,Bitstamp:ETHUSD,2535.3,2591.5,2535.1,2582.2,1278.67603639
2025-06-10 03:00:00,Bitstamp:ETHUSD,2582.9,2695.0,2577.4,2681.3,5024.95286184
2025-06-10 07:00:00,Bitstamp:ETHUSD,2681.1,2727.5,2677.2,2689.6,2557.64762651
2025-06-10 11:00:00,Bitstamp:ETHUSD,2689.8,2700.6,2656.7,2678.3,3531.5701656
2025-06-10 15:00:00,Bitstamp:ETHUSD,2678.7,2798.4,2671.4,2774.0,1944.07980298
2025-06-10 19:00:00,Bitstamp:ETHUSD,2774.7,2777.9,2693.7,2733.3,2751.91319016
2025-06-10 23:00:00,Bitstamp:ETHUSD,2733.4,2806.6,2730.2,2774.0,6151.88399375
2025-06-11 03:00:00,Bitstamp:ETHUSD,2774.3,2827.5,2736.0,2816.7,3241.55735752
2025-06-11 07:00:00,Bitstamp:ETHUSD,2816.3,2835.0,2773.8,2791.2,465.68771557
2025-06-11 11:00:00,Bitstamp:ETHUSD,2791.1,2803.7,2780.7,2793.2,587.32141912
2025-06-11 15:00:00,Bitstamp:ETHUSD,2794.0,2794.0,2754.9,2772.3,1136.17801193
2025-06-11 19:00:00,Bitstamp:ETHUSD,2771.5,2880.3,2764.8,2865.5,2767.35413434
2025-06-11 23:00:00,Bitstamp:ETHUSD,2865.4,2875.9,2803.2,2813.2,1820.78980158
2025-06-12 03:00:00,Bitstamp:ETHUSD,2814.7,2831.8,2743.9,2772.5,1826.08798467
2025-06-12 07:00:00,Bitstamp:ETHUSD,2772.2,2784.6,2747.0,2766.5,1321.72860869
2025-06-12 11:00:00,Bitstamp:ETHUSD,2766.2,2777.0,2733.2,2740.7,1639.10140118
2025-06-12 15:00:00,Bitstamp:ETHUSD,2740.4,2761.7,2723.7,2730.5,1223.86809579
2025-06-12 19:00:00,Bitstamp:ETHUSD,2731.2,2772.5,2713.8,2720.5,1140.73096205
2025-06-12 23:00:00,Bitstamp:ETHUSD,2719.1,2771.9,2692.9,2695.8,1552.18983233
2025-06-13 03:00:00,Bitstamp:ETHUSD,2695.3,2703.5,2618.0,2645.2,3874.58971646
2025-06-13 07:00:00,Bitstamp:ETHUSD,2644.1,2644.2,2439.9,2516.5,5605.98917433
2025-06-13 11:00:00,Bitstamp:ETHUSD,2516.6,2542.7,2493.7,2527.8,2705.62866266
2025-06-13 15:00:00,Bitstamp:ETHUSD,2527.8,2546.8,2509.1,2546.6,1202.5116968
2025-06-13 19:00:00,Bitstamp:ETHUSD,2546.2,2564.2,2506.0,2553.2,2257.13840544
2025-06-13 23:00:00,Bitstamp:ETHUSD,2552.2,2586.1,2511.6,2530.1,1540.98049641
2025-06-14 03:00:00,Bitstamp:ETHUSD,2528.9,2584.6,2525.9,2580.3,2082.20970035
2025-06-14 07:00:00,Bitstamp:ETHUSD,2579.9,2580.3,2548.4,2550.2,1371.24563987
2025-06-14 11:00:00,Bitstamp:ETHUSD,2550.0,2557.8,2527.9,2539.1,1280.22923115
2025-06-14 15:00:00,Bitstamp:ETHUSD,2538.7,2541.0,2520.9,2539.8,581.80171113
2025-06-14 19:00:00,Bitstamp:ETHUSD,2539.6,2546.3,2506.9,2519.4,651.93422142
2025-06-14 23:00:00,Bitstamp:ETHUSD,2520.6,2526.9,2490.9,2509.5,2020.54010682
2025-06-15 03:00:00,Bitstamp:ETHUSD,2509.1,2539.9,2498.6,2532.5,958.68444793
2025-06-15 07:00:00,Bitstamp:ETHUSD,2532.9,2541.8,2526.7,2532.0,252.53689203
2025-06-15 11:00:00,Bitstamp:ETHUSD,2531.8,2553.1,2524.4,2530.1,380.72788271
2025-06-15 15:00:00,Bitstamp:ETHUSD,2531.1,2531.3,2509.3,2517.0,1339.10563195
2025-06-15 19:00:00,Bitstamp:ETHUSD,2517.2,2555.5,2517.1,2541.7,995.62134971
2025-06-15 23:00:00,Bitstamp:ETHUSD,2542.9,2559.3,2532.2,2537.3,375.18427167
2025-06-16 03:00:00,Bitstamp:ETHUSD,2537.6,2550.2,2489.9,2548.0,2745.14907053
2025-06-16 07:00:00,Bitstamp:ETHUSD,2548.5,2579.0,2516.2,2570.6,654.87290573
2025-06-16 11:00:00,Bitstamp:ETHUSD,2568.9,2637.4,2567.2,2627.7,5269.02869497
2025-06-16 15:00:00,Bitstamp:ETHUSD,2630.0,2633.4,2593.3,2617.0,620.47781868
2025-06-16 19:00:00,Bitstamp:ETHUSD,2616.9,2658.4,2605.9,2633.1,2375.83455727
2025-06-16 23:00:00,Bitstamp:ETHUSD,2633.2,2671.3,2628.7,2661.7,2674.10176072
2025-06-17 03:00:00,Bitstamp:ETHUSD,2661.5,2681.1,2537.4,2537.4,3457.38256293
2025-06-17 07:00:00,Bitstamp:ETHUSD,2545.2,2618.1,2526.5,2607.2,1332.0560233
2025-06-17 11:00:00,Bitstamp:ETHUSD,2607.9,2610.8,2571.8,2583.2,791.00897482
2025-06-17 15:00:00,Bitstamp:ETHUSD,2582.3,2586.3,2542.4,2552.6,1038.24273909
2025-06-17 19:00:00,Bitstamp:ETHUSD,2551.8,2567.2,2436.4,2499.3,3868.02556042
2025-06-17 23:00:00,Bitstamp:ETHUSD,2498.6,2543.6,2454.4,2530.4,3206.14325216
2025-06-18 03:00:00,Bitstamp:ETHUSD,2528.8,2533.8,2493.2,2509.9,2061.70440455
2025-06-18 07:00:00,Bitstamp:ETHUSD,2510.4,2536.4,2506.2,2528.8,536.84347354
2025-06-18 11:00:00,Bitstamp:ETHUSD,2528.2,2546.3,2518.6,2532.2,484.50974778
2025-06-18 15:00:00,Bitstamp:ETHUSD,2534.4,2548.6,2488.1,2514.2,1023.23582143
2025-06-18 19:00:00,Bitstamp:ETHUSD,2513.7,2537.8,2466.5,2509.8,3163.540638
2025-06-18 23:00:00,Bitstamp:ETHUSD,2509.1,2518.6,2468.5,2493.1,1487.47383516
2025-06-19 03:00:00,Bitstamp:ETHUSD,2492.9,2538.0,2484.0,2524.7,1581.39841935
2025-06-19 07:00:00,Bitstamp:ETHUSD,2525.5,2546.9,2508.1,2526.0,914.20810542
2025-06-19 11:00:00,Bitstamp:ETHUSD,2525.8,2531.4,2515.0,2519.5,681.26081194
2025-06-19 15:00:00,Bitstamp:ETHUSD,2519.8,2544.9,2519.8,2532.6,1881.47707833
2025-06-19 19:00:00,Bitstamp:ETHUSD,2532.7,2537.4,2491.0,2493.2,1201.85060048
2025-06-19 23:00:00,Bitstamp:ETHUSD,2493.3,2521.8,2485.5,2505.2,1371.56930549
2025-06-20 03:00:00,Bitstamp:ETHUSD,2505.2,2532.6,2503.2,2521.3,1072.72570078
2025-06-20 07:00:00,Bitstamp:ETHUSD,2522.2,2531.9,2514.1,2518.0,1152.29071459
2025-06-20 11:00:00,Bitstamp:ETHUSD,2517.0,2551.7,2504.5,2549.6,625.22950757
2025-06-20 15:00:00,Bitstamp:ETHUSD,2550.2,2569.4,2542.1,2550.2,894.56865724
2025-06-20 19:00:00,Bitstamp:ETHUSD,2550.2,2559.8,2488.2,2494.5,1308.89198891
2025-06-20 23:00:00,Bitstamp:ETHUSD,2494.8,2496.4,2366.7,2417.0,4873.40408403
2025-06-21 03:00:00,Bitstamp:ETHUSD,2415.7,2438.1,2383.2,2407.6,1906.44606151
2025-06-21 07:00:00,Bitstamp:ETHUSD,2407.2,2432.9,2397.5,2426.6,339.34101252
2025-06-21 11:00:00,Bitstamp:ETHUSD,2427.0,2429.1,2420.0,2427.6,251.11400141
2025-06-21 15:00:00,Bitstamp:ETHUSD,2427.9,2448.6,2423.9,2442.8,415.50971798
2025-06-21 19:00:00,Bitstamp:ETHUSD,2443.3,2445.7,2413.3,2423.9,636.89227073
2025-06-21 23:00:00,Bitstamp:ETHUSD,2423.7,2428.1,2381.9,2385.0,2821.82775331
2025-06-22 03:00:00,Bitstamp:ETHUSD,2385.1,2409.1,2218.6,2295.7,3878.06280596
2025-06-22 07:00:00,Bitstamp:ETHUSD,2299.1,2313.9,2247.1,2265.7,2050.18486734
2025-06-22 11:00:00,Bitstamp:ETHUSD,2265.4,2298.5,2262.9,2270.9,510.01483036
2025-06-22 15:00:00,Bitstamp:ETHUSD,2271.5,2281.3,2237.9,2273.8,3050.3655779
2025-06-22 19:00:00,Bitstamp:ETHUSD,2274.0,2287.8,2157.0,2174.0,2416.64593583
2025-06-22 23:00:00,Bitstamp:ETHUSD,2175.5,2219.9,2171.9,2183.9,1553.6625825
2025-06-23 03:00:00,Bitstamp:ETHUSD,2184.4,2237.7,2115.6,2229.1,2685.4520907
2025-06-23 07:00:00,Bitstamp:ETHUSD,2228.6,2259.5,2223.4,2235.1,1227.02349028
2025-06-23 11:00:00,Bitstamp:ETHUSD,2236.0,2274.0,2229.3,2259.7,1272.49661968
2025-06-23 15:00:00,Bitstamp:ETHUSD,2259.8,2275.1,2239.7,2253.9,1266.58494297
2025-06-23 19:00:00,Bitstamp:ETHUSD,2254.3,2314.8,2234.6,2249.8,2073.62275252
2025-06-23 23:00:00,Bitstamp:ETHUSD,2251.4,2325.5,2190.3,2314.8,3240.48201105
2025-06-24 03:00:00,Bitstamp:ETHUSD,2314.8,2439.2,2306.9,2413.6,6348.15657224
2025-06-24 07:00:00,Bitstamp:ETHUSD,2413.9,2419.5,2392.6,2400.8,2277.15458729
2025-06-24 11:00:00,Bitstamp:ETHUSD,2401.0,2435.3,2393.8,2395.8,1554.79828828
2025-06-24 15:00:00,Bitstamp:ETHUSD,2396.2,2451.5,2379.1,2410.8,2125.03070492
2025-06-24 19:00:00,Bitstamp:ETHUSD,2411.3,2455.8,2404.6,2439.3,1689.06789368
2025-06-24 23:00:00,Bitstamp:ETHUSD,2442.2,2482.8,2421.0,2437.1,4199.10050792
2025-06-25 03:00:00,Bitstamp:ETHUSD,2435.8,2451.7,2432.0,2449.8,1359.45710841
2025-06-25 07:00:00,Bitstamp:ETHUSD,2449.9,2468.3,2439.2,2445.8,434.10869102
2025-06-25 11:00:00,Bitstamp:ETHUSD,2448.2,2451.9,2425.6,2446.5,547.83222426
2025-06-25 15:00:00,Bitstamp:ETHUSD,2446.3,2449.4,2410.8,2430.1,998.43222597
2025-06-25 19:00:00,Bitstamp:ETHUSD,2428.8,2446.4,2392.0,2407.2,2411.4132033
2025-06-25 23:00:00,Bitstamp:ETHUSD,2410.6,2440.7,2402.7,2432.9,1947.39458057
2025-06-26 03:00:00,Bitstamp:ETHUSD,2433.3,2455.0,2410.0,2419.9,671.97184226
2025-06-26 07:00:00,Bitstamp:ETHUSD,2420.3,2521.1,2419.6,2490.6,1496.33253645
2025-06-26 11:00:00,Bitstamp:ETHUSD,2491.1,2500.5,2469.2,2492.8,827.03335514
2025-06-26 15:00:00,Bitstamp:ETHUSD,2491.1,2500.3,2441.6,2451.5,1485.91949251
2025-06-26 19:00:00,Bitstamp:ETHUSD,2449.9,2460.7,2411.0,2434.9,1486.92742252
2025-06-26 23:00:00,Bitstamp:ETHUSD,2434.7,2443.1,2419.3,2436.6,1161.68614773
2025-06-27 03:00:00,Bitstamp:ETHUSD,2436.5,2458.5,2395.5,2417.3,2098.33023881
2025-06-27 07:00:00,Bitstamp:ETHUSD,2417.1,2449.9,2384.5,2447.6,475.03895207
2025-06-27 11:00:00,Bitstamp:ETHUSD,2448.7,2460.4,2436.2,2443.7,750.92216766
2025-06-27 15:00:00,Bitstamp:ETHUSD,2444.7,2465.8,2437.0,2448.0,4260.50253747
2025-06-27 19:00:00,Bitstamp:ETHUSD,2448.2,2457.7,2415.0,2439.7,5203.87987358
2025-06-27 23:00:00,Bitstamp:ETHUSD,2439.8,2450.0,2389.6,2413.6,4774.17179247
2025-06-28 03:00:00,Bitstamp:ETHUSD,2413.5,2430.7,2412.4,2424.3,1535.02455826
2025-06-28 07:00:00,Bitstamp:ETHUSD,2424.6,2424.8,2407.3,2421.9,753.05955645
2025-06-28 11:00:00,Bitstamp:ETHUSD,2422.0,2434.2,2419.2,2433.0,533.54869226
2025-06-28 15:00:00,Bitstamp:ETHUSD,2433.5,2433.5,2421.1,2428.5,294.03562008
2025-06-28 19:00:00,Bitstamp:ETHUSD,2428.6,2443.7,2422.0,2438.1,344.40234315
2025-06-28 23:00:00,Bitstamp:ETHUSD,2437.4,2448.8,2432.8,2434.2,1056.35660206
2025-06-29 03:00:00,Bitstamp:ETHUSD,2435.2,2443.5,2428.8,2437.1,238.18635309
2025-06-29 07:00:00,Bitstamp:ETHUSD,2437.7,2443.9,2426.7,2429.1,220.42270871
2025-06-29 11:00:00,Bitstamp:ETHUSD,2429.2,2441.0,2428.3,2441.0,159.18257677
2025-06-29 15:00:00,Bitstamp:ETHUSD,2441.6,2464.1,2439.1,2463.2,384.79330546
2025-06-29 19:00:00,Bitstamp:ETHUSD,2464.0,2464.1,2434.4,2438.2,501.62289466
2025-06-29 23:00:00,Bitstamp:ETHUSD,2437.6,2443.5,2431.2,2438.9,390.63822911
2025-06-30 03:00:00,Bitstamp:ETHUSD,2438.8,2525.0,2413.9,2501.4,3020.13098718
2025-06-30 07:00:00,Bitstamp:ETHUSD,2501.5,2523.6,2496.2,2501.2,1217.91883926
2025-06-30 11:00:00,Bitstamp:ETHUSD,2503.3,2505.7,2459.5,2481.1,1318.69685405
2025-06-30 15:00:00,Bitstamp:ETHUSD,2481.6,2486.5,2447.6,2460.3,809.85748928
2025-06-30 19:00:00,Bitstamp:ETHUSD,2459.0,2489.2,2432.6,2475.4,3328.23733195
2025-06-30 23:00:00,Bitstamp:ETHUSD,2475.6,2518.8,2463.0,2517.2,3876.29893711
2025-07-01 03:00:00,Bitstamp:ETHUSD,2516.5,2523.2,2483.5,2486.0,1036.74124097
2025-07-01 07:00:00,Bitstamp:ETHUSD,2486.1,2500.9,2478.2,2486.1,451.4952813
2025-07-01 11:00:00,Bitstamp:ETHUSD,2486.1,2486.6,2447.0,2465.5,747.3090613
2025-07-01 15:00:00,Bitstamp:ETHUSD,2465.6,2465.7,2443.9,2449.5,930.86280641
2025-07-01 19:00:00,Bitstamp:ETHUSD,2449.5,2456.9,2408.2,2424.3,1971.71531286
2025-07-01 23:00:00,Bitstamp:ETHUSD,2424.3,2434.4,2402.4,2403.4,1002.01268776
2025-07-02 03:00:00,Bitstamp:ETHUSD,2403.0,2418.8,2385.1,2405.7,898.39294596
2025-07-02 07:00:00,Bitstamp:ETHUSD,2405.7,2431.4,2374.6,2431.1,1246.12628899
2025-07-02 11:00:00,Bitstamp:ETHUSD,2431.7,2454.1,2426.5,2448.6,908.85335271
2025-07-02 15:00:00,Bitstamp:ETHUSD,2450.0,2460.9,2442.7,2446.5,1479.967961
2025-07-02 19:00:00,Bitstamp:ETHUSD,2446.5,2502.9,2431.0,2500.7,4341.58844978
2025-07-02 23:00:00,Bitstamp:ETHUSD,2500.3,2607.8,2496.6,2607.5,9462.83526468
2025-07-03 03:00:00,Bitstamp:ETHUSD,2605.9,2619.0,2569.8,2571.5,2417.14939464
2025-07-03 07:00:00,Bitstamp:ETHUSD,2571.3,2587.5,2558.2,2562.4,1309.81376279
2025-07-03 11:00:00,Bitstamp:ETHUSD,2562.1,2604.7,2560.6,2601.2,1698.4278716
2025-07-03 15:00:00,Bitstamp:ETHUSD,2602.3,2616.1,2583.5,2598.3,2045.47185705
2025-07-03 19:00:00,Bitstamp:ETHUSD,2596.2,2636.8,2567.3,2570.8,2429.28217313
2025-07-03 23:00:00,Bitstamp:ETHUSD,2570.9,2593.4,2567.7,2587.3,1089.07625387
2025-07-04 03:00:00,Bitstamp:ETHUSD,2588.1,2604.4,2586.5,2592.0,741.7829042
2025-07-04 07:00:00,Bitstamp:ETHUSD,2592.5,2603.3,2573.0,2579.3,1107.07157066
2025-07-04 11:00:00,Bitstamp:ETHUSD,2579.6,2585.4,2532.7,2535.9,895.20771517
2025-07-04 15:00:00,Bitstamp:ETHUSD,2535.6,2559.0,2528.9,2550.7,516.70048413
2025-07-04 19:00:00,Bitstamp:ETHUSD,2550.5,2556.2,2499.5,2502.3,1582.93433669
2025-07-04 23:00:00,Bitstamp:ETHUSD,2501.6,2503.8,2475.4,2483.5,2249.25818795
2025-07-05 03:00:00,Bitstamp:ETHUSD,2483.2,2521.6,2481.8,2508.7,1156.95212576
2025-07-05 07:00:00,Bitstamp:ETHUSD,2508.6,2525.5,2502.0,2519.4,636.43272725
2025-07-05 11:00:00,Bitstamp:ETHUSD,2519.2,2529.4,2513.8,2521.0,416.96608134
2025-07-05 15:00:00,Bitstamp:ETHUSD,2522.4,2526.4,2510.1,2519.0,272.33621974
2025-07-05 19:00:00,Bitstamp:ETHUSD,2518.2,2522.2,2506.3,2508.7,347.8192405
2025-07-05 23:00:00,Bitstamp:ETHUSD,2509.0,2513.9,2488.8,2506.7,1456.34574853
2025-07-06 03:00:00,Bitstamp:ETHUSD,2506.9,2523.3,2499.3,2517.0,616.69638333
2025-07-06 07:00:00,Bitstamp:ETHUSD,2517.9,2521.2,2510.6,2515.6,249.01619083
2025-07-06 11:00:00,Bitstamp:ETHUSD,2515.5,2527.5,2509.9,2518.5,251.57614645
2025-07-06 15:00:00,Bitstamp:ETHUSD,2518.4,2518.4,2504.2,2517.0,532.18824477
2025-07-06 19:00:00,Bitstamp:ETHUSD,2515.9,2571.1,2512.7,2558.9,1401.49264943
2025-07-06 23:00:00,Bitstamp:ETHUSD,2559.6,2561.4,2524.8,2541.8,782.80153406
2025-07-07 03:00:00,Bitstamp:ETHUSD,2541.6,2605.5,2541.3,2571.0,1159.27762955
2025-07-07 07:00:00,Bitstamp:ETHUSD,2571.3,2590.5,2551.5,2577.5,907.72789582
2025-07-07 11:00:00,Bitstamp:ETHUSD,2577.8,2581.0,2560.9,2578.9,680.1720785
2025-07-07 15:00:00,Bitstamp:ETHUSD,2578.8,2588.6,2553.0,2563.4,937.2665558
2025-07-07 19:00:00,Bitstamp:ETHUSD,2563.3,2569.0,2528.2,2534.0,1146.63859707
2025-07-07 23:00:00,Bitstamp:ETHUSD,2533.7,2556.9,2514.4,2544.2,1729.75424519
2025-07-08 03:00:00,Bitstamp:ETHUSD,2544.2,2545.7,2524.0,2542.6,839.8420631
2025-07-08 07:00:00,Bitstamp:ETHUSD,2542.3,2554.2,2523.8,2538.6,801.55085486
2025-07-08 11:00:00,Bitstamp:ETHUSD,2537.0,2563.5,2533.0,2553.5,416.55068574
2025-07-08 15:00:00,Bitstamp:ETHUSD,2551.1,2585.6,2543.9,2575.4,3124.61502769
2025-07-08 19:00:00,Bitstamp:ETHUSD,2577.0,2600.8,2559.3,2565.2,1246.03106366
2025-07-08 23:00:00,Bitstamp:ETHUSD,2566.7,2628.5,2560.7,2612.1,3003.02433056
2025-07-09 03:00:00,Bitstamp:ETHUSD,2610.9,2619.0,2597.5,2616.1,3196.48340482
2025-07-09 07:00:00,Bitstamp:ETHUSD,2616.7,2626.3,2591.0,2592.7,820.35600731
2025-07-09 11:00:00,Bitstamp:ETHUSD,2592.2,2646.2,2591.8,2625.6,986.16020631
2025-07-09 15:00:00,Bitstamp:ETHUSD,2625.5,2630.6,2606.1,2626.7,775.08392532
2025-07-09 19:00:00,Bitstamp:ETHUSD,2627.0,2674.9,2624.5,2658.0,2523.5229534
2025-07-09 23:00:00,Bitstamp:ETHUSD,2658.5,2795.5,2653.2,2763.8,3276.80339844
2025-07-10 03:00:00,Bitstamp:ETHUSD,2765.8,2784.2,2732.5,2769.9,3049.4958208
2025-07-10 07:00:00,Bitstamp:ETHUSD,2769.9,2799.2,2756.5,2777.6,1643.91363221
2025-07-10 11:00:00,Bitstamp:ETHUSD,2777.5,2824.1,2766.9,2792.2,2037.44863682
2025-07-10 15:00:00,Bitstamp:ETHUSD,2792.1,2797.7,2773.2,2779.9,1097.73081668
2025-07-10 19:00:00,Bitstamp:ETHUSD,2779.8,2795.7,2761.1,2770.4,1853.62497848
2025-07-10 23:00:00,Bitstamp:ETHUSD,2770.4,2842.3,2770.4,2818.6,4538.87923421
2025-07-11 03:00:00,Bitstamp:ETHUSD,2818.6,3000.7,2816.7,2951.1,8261.32514925
2025-07-11 07:00:00,Bitstamp:ETHUSD,2951.4,2975.6,2915.1,2970.4,1541.20961042
2025-07-11 11:00:00,Bitstamp:ETHUSD,2970.3,3030.3,2947.8,2971.9,2473.64388822
2025-07-11 15:00:00,Bitstamp:ETHUSD,2971.0,3039.7,2966.7,2985.8,1595.89781825
2025-07-11 19:00:00,Bitstamp:ETHUSD,2985.3,3009.9,2937.7,2952.0,2812.41176887
2025-07-11 23:00:00,Bitstamp:ETHUSD,2952.2,3011.9,2938.6,3009.7,5181.03166333
2025-07-12 03:00:00,Bitstamp:ETHUSD,3009.7,3011.6,2924.4,2959.3,2215.06547909
2025-07-12 07:00:00,Bitstamp:ETHUSD,2959.4,2972.3,2930.6,2967.4,1249.10750064
2025-07-12 11:00:00,Bitstamp:ETHUSD,2968.4,2979.2,2944.1,2964.7,1059.27852359
2025-07-12 15:00:00,Bitstamp:ETHUSD,2964.5,2980.6,2960.0,2964.9,1277.15138281
2025-07-12 19:00:00,Bitstamp:ETHUSD,2964.8,2968.7,2905.5,2917.0,1421.59885883
2025-07-12 23:00:00,Bitstamp:ETHUSD,2916.9,2946.7,2912.1,2942.1,1013.0983256
2025-07-13 03:00:00,Bitstamp:ETHUSD,2942.2,2948.9,2916.4,2944.2,958.28325531
2025-07-13 07:00:00,Bitstamp:ETHUSD,2944.6,2961.7,2937.4,2955.9,818.02371323
2025-07-13 11:00:00,Bitstamp:ETHUSD,2956.9,2967.8,2951.2,2964.6,656.00818307
2025-07-13 15:00:00,Bitstamp:ETHUSD,2964.7,2966.9,2946.1,2966.5,612.13364457
2025-07-13 19:00:00,Bitstamp:ETHUSD,2966.4,3020.9,2961.1,2994.6,1913.21932788
2025-07-13 23:00:00,Bitstamp:ETHUSD,2994.2,3011.3,2965.9,2990.7,2078.03190266
2025-07-14 03:00:00,Bitstamp:ETHUSD,2991.2,2999.7,2944.7,2973.7,1734.81649137
2025-07-14 07:00:00,Bitstamp:ETHUSD,2974.1,3051.9,2965.0,3038.3,2636.52493977
2025-07-14 11:00:00,Bitstamp:ETHUSD,3038.5,3065.3,3019.8,3045.4,1722.58311111
2025-07-14 15:00:00,Bitstamp:ETHUSD,3045.9,3082.5,3024.7,3053.0,2894.24422251
2025-07-14 19:00:00,Bitstamp:ETHUSD,3053.0,3068.4,2995.1,3013.2,3602.13258221
2025-07-14 23:00:00,Bitstamp:ETHUSD,3013.1,3030.2,2984.1,2998.3,2062.51745252
2025-07-15 03:00:00,Bitstamp:ETHUSD,3000.9,3019.7,2982.2,3014.7,1162.15796727
2025-07-15 07:00:00,Bitstamp:ETHUSD,3014.6,3023.7,2927.2,2952.1,2647.76580953
2025-07-15 11:00:00,Bitstamp:ETHUSD,2952.0,2995.0,2935.0,2977.8,1302.25728577
2025-07-15 15:00:00,Bitstamp:ETHUSD,2977.8,2988.9,2959.7,2980.4,637.86394148
2025-07-15 19:00:00,Bitstamp:ETHUSD,2981.1,3066.3,2968.4,3036.8,3331.60165691
2025-07-15 23:00:00,Bitstamp:ETHUSD,3039.3,3098.5,3034.4,3041.0,3850.64709291
2025-07-16 03:00:00,Bitstamp:ETHUSD,3041.0,3143.2,3029.2,3140.0,1741.14966915
2025-07-16 07:00:00,Bitstamp:ETHUSD,3138.6,3151.3,3103.7,3115.6,1122.62184856
2025-07-16 11:00:00,Bitstamp:ETHUSD,3118.3,3175.4,3101.8,3163.8,2284.70471516
2025-07-16 15:00:00,Bitstamp:ETHUSD,3162.8,3173.7,3145.3,3151.0,905.43538412
2025-07-16 19:00:00,Bitstamp:ETHUSD,3151.0,3265.8,3148.4,3246.1,8795.53920412
2025-07-16 23:00:00,Bitstamp:ETHUSD,3246.0,3384.5,3237.0,3384.5,4914.0874487
2025-07-17 03:00:00,Bitstamp:ETHUSD,3385.7,3425.0,3345.2,3373.2,2887.62478455
2025-07-17 07:00:00,Bitstamp:ETHUSD,3373.0,3399.4,3312.0,3332.6,1409.56869577
2025-07-17 11:00:00,Bitstamp:ETHUSD,3331.8,3471.8,3322.7,3449.2,2302.5450439
2025-07-17 15:00:00,Bitstamp:ETHUSD,3449.5,3480.0,3427.2,3435.4,3852.1258059
2025-07-17 19:00:00,Bitstamp:ETHUSD,3435.5,3441.2,3363.8,3422.0,2943.8043147
2025-07-17 23:00:00,Bitstamp:ETHUSD,3422.0,3458.0,3368.0,3415.2,7402.20942016
2025-07-18 03:00:00,Bitstamp:ETHUSD,3415.0,3526.8,3374.9,3480.0,2472.30100138
2025-07-18 07:00:00,Bitstamp:ETHUSD,3479.8,3628.3,3463.5,3599.5,5326.86252047
2025-07-18 11:00:00,Bitstamp:ETHUSD,3599.8,3676.2,3580.6,3606.1,5946.05982812
2025-07-18 15:00:00,Bitstamp:ETHUSD,3606.8,3630.6,3584.9,3612.5,2575.5639792
2025-07-18 19:00:00,Bitstamp:ETHUSD,3612.5,3673.5,3532.3,3565.9,3739.57079442
2025-07-18 23:00:00,Bitstamp:ETHUSD,3565.7,3625.0,3540.0,3554.7,5582.45725338
2025-07-19 03:00:00,Bitstamp:ETHUSD,3555.4,3578.6,3480.3,3549.0,2982.46116392
2025-07-19 07:00:00,Bitstamp:ETHUSD,3549.6,3601.5,3509.8,3595.3,889.59162876
2025-07-19 11:00:00,Bitstamp:ETHUSD,3597.1,3610.6,3570.0,3574.2,585.31617061
2025-07-19 15:00:00,Bitstamp:ETHUSD,3574.1,3580.5,3543.1,3555.0,872.11163673
2025-07-19 19:00:00,Bitstamp:ETHUSD,3555.0,3573.9,3529.0,3554.6,963.30331631
2025-07-19 23:00:00,Bitstamp:ETHUSD,3554.1,3582.4,3535.3,3579.9,685.59218718
2025-07-20 03:00:00,Bitstamp:ETHUSD,3580.1,3600.0,3540.4,3593.9,962.65911899
2025-07-20 07:00:00,Bitstamp:ETHUSD,3594.4,3695.4,3581.9,3658.9,1694.40157976
2025-07-20 11:00:00,Bitstamp:ETHUSD,3660.7,3693.1,3635.9,3671.2,1076.53362609
2025-07-20 15:00:00,Bitstamp:ETHUSD,3671.4,3768.2,3671.4,3758.2,2395.49498279
2025-07-20 19:00:00,Bitstamp:ETHUSD,3757.4,3791.2,3726.7,3787.3,2213.27490909
2025-07-20 23:00:00,Bitstamp:ETHUSD,3787.8,3825.7,3729.2,3750.4,2702.65291633
2025-07-21 03:00:00,Bitstamp:ETHUSD,3753.3,3774.7,3688.0,3758.5,1617.29913609
2025-07-21 07:00:00,Bitstamp:ETHUSD,3759.4,3768.3,3704.0,3759.5,799.80756294
2025-07-21 11:00:00,Bitstamp:ETHUSD,3760.8,3813.7,3750.0,3788.0,1480.55940576
2025-07-21 15:00:00,Bitstamp:ETHUSD,3789.8,3838.0,3758.6,3808.5,1745.84322563
2025-07-21 19:00:00,Bitstamp:ETHUSD,3809.5,3859.3,3777.4,3812.3,2083.28187628
2025-07-21 23:00:00,Bitstamp:ETHUSD,3812.5,3819.0,3723.4,3738.0,3743.00951759
2025-07-22 03:00:00,Bitstamp:ETHUSD,3737.7,3781.3,3719.0,3763.3,1375.69783548
2025-07-22 07:00:00,Bitstamp:ETHUSD,3765.6,3799.8,3698.4,3730.6,1693.92705496
2025-07-22 11:00:00,Bitstamp:ETHUSD,3732.9,3735.0,3654.4,3677.3,1977.72866097
2025-07-22 15:00:00,Bitstamp:ETHUSD,3676.4,3721.6,3620.0,3708.2,2298.75122163
2025-07-22 19:00:00,Bitstamp:ETHUSD,3708.0,3730.0,3628.4,3717.6,1729.55075818
2025-07-22 23:00:00,Bitstamp:ETHUSD,3719.6,3750.9,3657.9,3672.2,1846.55649107
2025-07-23 03:00:00,Bitstamp:ETHUSD,3671.5,3752.5,3666.6,3748.3,1451.47143787
2025-07-23 07:00:00,Bitstamp:ETHUSD,3748.3,3765.7,3716.9,3729.9,1125.77598674
2025-07-23 11:00:00,Bitstamp:ETHUSD,3730.8,3739.6,3666.9,3676.1,5165.31297656
2025-07-23 15:00:00,Bitstamp:ETHUSD,3675.3,3699.7,3642.3,3674.2,760.08683623
2025-07-23 19:00:00,Bitstamp:ETHUSD,3673.9,3681.9,3580.0,3646.3,1956.4642702
2025-07-23 23:00:00,Bitstamp:ETHUSD,3646.4,3646.4,3555.3,3588.6,2440.42364122
2025-07-24 03:00:00,Bitstamp:ETHUSD,3588.7,3636.0,3529.8,3630.3,3541.82815622
2025-07-24 07:00:00,Bitstamp:ETHUSD,3629.7,3672.9,3615.0,3642.5,5531.69982038
2025-07-24 11:00:00,Bitstamp:ETHUSD,3643.7,3658.8,3508.2,3595.1,1990.35526189
2025-07-24 15:00:00,Bitstamp:ETHUSD,3593.0,3662.5,3582.9,3657.5,1856.99758574
2025-07-24 19:00:00,Bitstamp:ETHUSD,3657.0,3773.5,3618.0,3732.5,2067.14144643
2025-07-24 23:00:00,Bitstamp:ETHUSD,3733.0,3755.9,3669.8,3736.5,2945.74750186
2025-07-25 03:00:00,Bitstamp:ETHUSD,3736.1,3745.1,3697.6,3708.0,1822.53124064
2025-07-25 07:00:00,Bitstamp:ETHUSD,3708.8,3709.5,3576.5,3596.5,2201.49648472
2025-07-25 11:00:00,Bitstamp:ETHUSD,3596.4,3668.0,3580.1,3632.7,2893.67245452
2025-07-25 15:00:00,Bitstamp:ETHUSD,3631.4,3746.4,3629.9,3722.3,2675.40087586
2025-07-25 19:00:00,Bitstamp:ETHUSD,3721.8,3735.2,3602.9,3633.6,1927.2714779
2025-07-25 23:00:00,Bitstamp:ETHUSD,3634.6,3662.7,3617.9,3643.5,4482.69876456
2025-07-26 03:00:00,Bitstamp:ETHUSD,3643.6,3730.4,3641.4,3725.8,2206.94811158
2025-07-26 07:00:00,Bitstamp:ETHUSD,3725.7,3766.6,3679.9,3740.5,2166.77316087
2025-07-26 11:00:00,Bitstamp:ETHUSD,3740.2,3756.3,3733.6,3743.1,375.20112209
2025-07-26 15:00:00,Bitstamp:ETHUSD,3743.1,3783.9,3728.5,3740.6,933.68262126
2025-07-26 19:00:00,Bitstamp:ETHUSD,3742.8,3755.6,3718.9,3735.6,471.91748483
2025-07-26 23:00:00,Bitstamp:ETHUSD,3737.4,3757.8,3711.2,3752.1,521.04117928
2025-07-27 03:00:00,Bitstamp:ETHUSD,3748.5,3794.3,3736.5,3741.6,513.06842723
2025-07-27 07:00:00,Bitstamp:ETHUSD,3744.1,3788.9,3733.3,3776.1,381.82501389
2025-07-27 11:00:00,Bitstamp:ETHUSD,3776.4,3810.6,3765.0,3770.4,758.32683836
2025-07-27 15:00:00,Bitstamp:ETHUSD,3770.4,3841.4,3752.9,3816.2,717.42371311
2025-07-27 19:00:00,Bitstamp:ETHUSD,3816.5,3837.7,3794.0,3820.0,525.23424338
2025-07-27 23:00:00,Bitstamp:ETHUSD,3820.2,3872.3,3810.4,3829.9,977.15699162
2025-07-28 03:00:00,Bitstamp:ETHUSD,3830.0,3880.3,3818.5,3874.0,1457.1033439
2025-07-28 07:00:00,Bitstamp:ETHUSD,3870.1,3907.0,3844.2,3880.5,2763.57756941
2025-07-28 11:00:00,Bitstamp:ETHUSD,3880.1,3940.5,3869.2,3894.0,6880.18624187
2025-07-28 15:00:00,Bitstamp:ETHUSD,3893.9,3901.8,3860.1,3879.0,671.26019375
2025-07-28 19:00:00,Bitstamp:ETHUSD,3880.3,3889.9,3772.7,3808.5,1968.16737457
2025-07-28 23:00:00,Bitstamp:ETHUSD,3808.1,3823.1,3751.2,3797.5,2288.39632367
2025-07-29 03:00:00,Bitstamp:ETHUSD,3801.2,3803.7,3766.6,3797.8,1046.12818028
2025-07-29 07:00:00,Bitstamp:ETHUSD,3799.1,3822.3,3732.2,3792.2,942.7762337
2025-07-29 11:00:00,Bitstamp:ETHUSD,3792.2,3879.4,3776.2,3876.9,1401.68005225
2025-07-29 15:00:00,Bitstamp:ETHUSD,3877.3,3884.9,3812.1,3825.5,1009.17194481
2025-07-29 19:00:00,Bitstamp:ETHUSD,3825.6,3874.3,3747.8,3761.9,1778.48635628
2025-07-29 23:00:00,Bitstamp:ETHUSD,3761.3,3794.6,3716.9,3764.5,2278.49966768
2025-07-30 03:00:00,Bitstamp:ETHUSD,3764.0,3798.6,3742.2,3793.4,949.92814585
2025-07-30 07:00:00,Bitstamp:ETHUSD,3792.9,3827.5,3756.3,3816.8,553.34911935
2025-07-30 11:00:00,Bitstamp:ETHUSD,3816.8,3833.3,3786.4,3810.8,802.77282081
2025-07-30 15:00:00,Bitstamp:ETHUSD,3810.5,3825.0,3744.8,3757.4,1068.98339391
2025-07-30 19:00:00,Bitstamp:ETHUSD,3758.0,3831.0,3749.6,3797.7,2076.28647074
2025-07-30 23:00:00,Bitstamp:ETHUSD,3797.7,3820.5,3675.8,3761.4,2850.24035402
2025-07-31 03:00:00,Bitstamp:ETHUSD,3759.9,3811.1,3742.5,3809.0,1096.00654867
2025-07-31 07:00:00,Bitstamp:ETHUSD,3807.4,3865.8,3801.3,3861.8,1280.41052649
2025-07-31 11:00:00,Bitstamp:ETHUSD,3863.7,3878.3,3854.8,3862.9,739.13639857
2025-07-31 15:00:00,Bitstamp:ETHUSD,3862.9,3872.9,3826.1,3837.8,728.03387175
2025-07-31 19:00:00,Bitstamp:ETHUSD,3837.7,3843.8,3763.0,3788.1,1282.59089253
2025-07-31 23:00:00,Bitstamp:ETHUSD,3788.0,3818.2,3734.1,3737.3,1823.0643079
2025-08-01 03:00:00,Bitstamp:ETHUSD,3736.1,3756.9,3684.7,3698.2,1685.49768386
2025-08-01 07:00:00,Bitstamp:ETHUSD,3698.0,3723.1,3618.3,3705.4,2827.12420162
2025-08-01 11:00:00,Bitstamp:ETHUSD,3702.4,3702.4,3624.8,3650.4,1472.30955079
2025-08-01 15:00:00,Bitstamp:ETHUSD,3649.9,3649.9,3595.1,3620.7,312.61257858
